//
//Copyright 2021 The Dapr Authors
//Licensed under the Apache License, Version 2.0 (the "License");
//you may not use this file except in compliance with the License.
//You may obtain a copy of the License at
//http://www.apache.org/licenses/LICENSE-2.0
//Unless required by applicable law or agreed to in writing, software
//distributed under the License is distributed on an "AS IS" BASIS,
//WITHOUT WARRANTIES OR CONDITIONS OF ANY KIND, either express or implied.
//See the License for the specific language governing permissions and
//limitations under the License.

// Code generated by protoc-gen-go. DO NOT EDIT.
// versions:
// 	protoc-gen-go v1.32.0
// 	protoc        v7.34.1
// source: dapr/proto/runtime/v1/dapr.proto

package runtime

import (
	v1 "github.com/dapr/dapr/pkg/proto/common/v1"
	protoreflect "google.golang.org/protobuf/reflect/protoreflect"
	protoimpl "google.golang.org/protobuf/runtime/protoimpl"
	emptypb "google.golang.org/protobuf/types/known/emptypb"
	reflect "reflect"
	sync "sync"
)

const (
	// Verify that this generated code is sufficiently up-to-date.
	_ = protoimpl.EnforceVersion(20 - protoimpl.MinVersion)
	// Verify that runtime/protoimpl is sufficiently up-to-date.
	_ = protoimpl.EnforceVersion(protoimpl.MaxVersion - 20)
)

// ShutdownRequest is the request for Shutdown.
type ShutdownRequest struct {
	state         protoimpl.MessageState
	sizeCache     protoimpl.SizeCache
	unknownFields protoimpl.UnknownFields
}

func (x *ShutdownRequest) Reset() {
	*x = ShutdownRequest{}
	if protoimpl.UnsafeEnabled {
		mi := &file_dapr_proto_runtime_v1_dapr_proto_msgTypes[0]
		ms := protoimpl.X.MessageStateOf(protoimpl.Pointer(x))
		ms.StoreMessageInfo(mi)
	}
}

func (x *ShutdownRequest) String() string {
	return protoimpl.X.MessageStringOf(x)
}

func (*ShutdownRequest) ProtoMessage() {}

func (x *ShutdownRequest) ProtoReflect() protoreflect.Message {
	mi := &file_dapr_proto_runtime_v1_dapr_proto_msgTypes[0]
	if protoimpl.UnsafeEnabled && x != nil {
		ms := protoimpl.X.MessageStateOf(protoimpl.Pointer(x))
		if ms.LoadMessageInfo() == nil {
			ms.StoreMessageInfo(mi)
		}
		return ms
	}
	return mi.MessageOf(x)
}

// Deprecated: Use ShutdownRequest.ProtoReflect.Descriptor instead.
func (*ShutdownRequest) Descriptor() ([]byte, []int) {
	return file_dapr_proto_runtime_v1_dapr_proto_rawDescGZIP(), []int{0}
}

var File_dapr_proto_runtime_v1_dapr_proto protoreflect.FileDescriptor

var file_dapr_proto_runtime_v1_dapr_proto_rawDesc = []byte{
	0x0a, 0x20, 0x64, 0x61, 0x70, 0x72, 0x2f, 0x70, 0x72, 0x6f, 0x74, 0x6f, 0x2f, 0x72, 0x75, 0x6e,
	0x74, 0x69, 0x6d, 0x65, 0x2f, 0x76, 0x31, 0x2f, 0x64, 0x61, 0x70, 0x72, 0x2e, 0x70, 0x72, 0x6f,
	0x74, 0x6f, 0x12, 0x15, 0x64, 0x61, 0x70, 0x72, 0x2e, 0x70, 0x72, 0x6f, 0x74, 0x6f, 0x2e, 0x72,
	0x75, 0x6e, 0x74, 0x69, 0x6d, 0x65, 0x2e, 0x76, 0x31, 0x1a, 0x1b, 0x67, 0x6f, 0x6f, 0x67, 0x6c,
	0x65, 0x2f, 0x70, 0x72, 0x6f, 0x74, 0x6f, 0x62, 0x75, 0x66, 0x2f, 0x65, 0x6d, 0x70, 0x74, 0x79,
	0x2e, 0x70, 0x72, 0x6f, 0x74, 0x6f, 0x1a, 0x21, 0x64, 0x61, 0x70, 0x72, 0x2f, 0x70, 0x72, 0x6f,
	0x74, 0x6f, 0x2f, 0x63, 0x6f, 0x6d, 0x6d, 0x6f, 0x6e, 0x2f, 0x76, 0x31, 0x2f, 0x63, 0x6f, 0x6d,
	0x6d, 0x6f, 0x6e, 0x2e, 0x70, 0x72, 0x6f, 0x74, 0x6f, 0x1a, 0x22, 0x64, 0x61, 0x70, 0x72, 0x2f,
	0x70, 0x72, 0x6f, 0x74, 0x6f, 0x2f, 0x72, 0x75, 0x6e, 0x74, 0x69, 0x6d, 0x65, 0x2f, 0x76, 0x31,
	0x2f, 0x61, 0x63, 0x74, 0x6f, 0x72, 0x73, 0x2e, 0x70, 0x72, 0x6f, 0x74, 0x6f, 0x1a, 0x22, 0x64,
	0x61, 0x70, 0x72, 0x2f, 0x70, 0x72, 0x6f, 0x74, 0x6f, 0x2f, 0x72, 0x75, 0x6e, 0x74, 0x69, 0x6d,
	0x65, 0x2f, 0x76, 0x31, 0x2f, 0x70, 0x75, 0x62, 0x73, 0x75, 0x62, 0x2e, 0x70, 0x72, 0x6f, 0x74,
	0x6f, 0x1a, 0x22, 0x64, 0x61, 0x70, 0x72, 0x2f, 0x70, 0x72, 0x6f, 0x74, 0x6f, 0x2f, 0x72, 0x75,
	0x6e, 0x74, 0x69, 0x6d, 0x65, 0x2f, 0x76, 0x31, 0x2f, 0x69, 0x6e, 0x76, 0x6f, 0x6b, 0x65, 0x2e,
	0x70, 0x72, 0x6f, 0x74, 0x6f, 0x1a, 0x21, 0x64, 0x61, 0x70, 0x72, 0x2f, 0x70, 0x72, 0x6f, 0x74,
	0x6f, 0x2f, 0x72, 0x75, 0x6e, 0x74, 0x69, 0x6d, 0x65, 0x2f, 0x76, 0x31, 0x2f, 0x73, 0x74, 0x61,
	0x74, 0x65, 0x2e, 0x70, 0x72, 0x6f, 0x74, 0x6f, 0x1a, 0x23, 0x64, 0x61, 0x70, 0x72, 0x2f, 0x70,
	0x72, 0x6f, 0x74, 0x6f, 0x2f, 0x72, 0x75, 0x6e, 0x74, 0x69, 0x6d, 0x65, 0x2f, 0x76, 0x31, 0x2f,
	0x62, 0x69, 0x6e, 0x64, 0x69, 0x6e, 0x67, 0x2e, 0x70, 0x72, 0x6f, 0x74, 0x6f, 0x1a, 0x22, 0x64,
	0x61, 0x70, 0x72, 0x2f, 0x70, 0x72, 0x6f, 0x74, 0x6f, 0x2f, 0x72, 0x75, 0x6e, 0x74, 0x69, 0x6d,
	0x65, 0x2f, 0x76, 0x31, 0x2f, 0x73, 0x65, 0x63, 0x72, 0x65, 0x74, 0x2e, 0x70, 0x72, 0x6f, 0x74,
	0x6f, 0x1a, 0x24, 0x64, 0x61, 0x70, 0x72, 0x2f, 0x70, 0x72, 0x6f, 0x74, 0x6f, 0x2f, 0x72, 0x75,
	0x6e, 0x74, 0x69, 0x6d, 0x65, 0x2f, 0x76, 0x31, 0x2f, 0x6d, 0x65, 0x74, 0x61, 0x64, 0x61, 0x74,
	0x61, 0x2e, 0x70, 0x72, 0x6f, 0x74, 0x6f, 0x1a, 0x29, 0x64, 0x61, 0x70, 0x72, 0x2f, 0x70, 0x72,
	0x6f, 0x74, 0x6f, 0x2f, 0x72, 0x75, 0x6e, 0x74, 0x69, 0x6d, 0x65, 0x2f, 0x76, 0x31, 0x2f, 0x63,
	0x6f, 0x6e, 0x66, 0x69, 0x67, 0x75, 0x72, 0x61, 0x74, 0x69, 0x6f, 0x6e, 0x2e, 0x70, 0x72, 0x6f,
	0x74, 0x6f, 0x1a, 0x20, 0x64, 0x61, 0x70, 0x72, 0x2f, 0x70, 0x72, 0x6f, 0x74, 0x6f, 0x2f, 0x72,
	0x75, 0x6e, 0x74, 0x69, 0x6d, 0x65, 0x2f, 0x76, 0x31, 0x2f, 0x6c, 0x6f, 0x63, 0x6b, 0x2e, 0x70,
	0x72, 0x6f, 0x74, 0x6f, 0x1a, 0x22, 0x64, 0x61, 0x70, 0x72, 0x2f, 0x70, 0x72, 0x6f, 0x74, 0x6f,
	0x2f, 0x72, 0x75, 0x6e, 0x74, 0x69, 0x6d, 0x65, 0x2f, 0x76, 0x31, 0x2f, 0x63, 0x72, 0x79, 0x70,
	0x74, 0x6f, 0x2e, 0x70, 0x72, 0x6f, 0x74, 0x6f, 0x1a, 0x24, 0x64, 0x61, 0x70, 0x72, 0x2f, 0x70,
	0x72, 0x6f, 0x74, 0x6f, 0x2f, 0x72, 0x75, 0x6e, 0x74, 0x69, 0x6d, 0x65, 0x2f, 0x76, 0x31, 0x2f,
	0x77, 0x6f, 0x72, 0x6b, 0x66, 0x6c, 0x6f, 0x77, 0x2e, 0x70, 0x72, 0x6f, 0x74, 0x6f, 0x1a, 0x20,
	0x64, 0x61, 0x70, 0x72, 0x2f, 0x70, 0x72, 0x6f, 0x74, 0x6f, 0x2f, 0x72, 0x75, 0x6e, 0x74, 0x69,
	0x6d, 0x65, 0x2f, 0x76, 0x31, 0x2f, 0x6a, 0x6f, 0x62, 0x73, 0x2e, 0x70, 0x72, 0x6f, 0x74, 0x6f,
	0x1a, 0x1e, 0x64, 0x61, 0x70, 0x72, 0x2f, 0x70, 0x72, 0x6f, 0x74, 0x6f, 0x2f, 0x72, 0x75, 0x6e,
	0x74, 0x69, 0x6d, 0x65, 0x2f, 0x76, 0x31, 0x2f, 0x61, 0x69, 0x2e, 0x70, 0x72, 0x6f, 0x74, 0x6f,
	0x1a, 0x22, 0x64, 0x61, 0x70, 0x72, 0x2f, 0x70, 0x72, 0x6f, 0x74, 0x6f, 0x2f, 0x72, 0x75, 0x6e,
	0x74, 0x69, 0x6d, 0x65, 0x2f, 0x76, 0x31, 0x2f, 0x73, 0x65, 0x61, 0x72, 0x63, 0x68, 0x2e, 0x70,
	0x72, 0x6f, 0x74, 0x6f, 0x1a, 0x22, 0x64, 0x61, 0x70, 0x72, 0x2f, 0x70, 0x72, 0x6f, 0x74, 0x6f,
	0x2f, 0x72, 0x75, 0x6e, 0x74, 0x69, 0x6d, 0x65, 0x2f, 0x76, 0x31, 0x2f, 0x76, 0x65, 0x63, 0x74,
	0x6f, 0x72, 0x2e, 0x70, 0x72, 0x6f, 0x74, 0x6f, 0x22, 0x11, 0x0a, 0x0f, 0x53, 0x68, 0x75, 0x74,
	0x64, 0x6f, 0x77, 0x6e, 0x52, 0x65, 0x71, 0x75, 0x65, 0x73, 0x74, 0x32, 0xc2, 0x4f, 0x0a, 0x04,
	0x44, 0x61, 0x70, 0x72, 0x12, 0x64, 0x0a, 0x0d, 0x49, 0x6e, 0x76, 0x6f, 0x6b, 0x65, 0x53, 0x65,
	0x72, 0x76, 0x69, 0x63, 0x65, 0x12, 0x2b, 0x2e, 0x64, 0x61, 0x70, 0x72, 0x2e, 0x70, 0x72, 0x6f,
	0x74, 0x6f, 0x2e, 0x72, 0x75, 0x6e, 0x74, 0x69, 0x6d, 0x65, 0x2e, 0x76, 0x31, 0x2e, 0x49, 0x6e,
	0x76, 0x6f, 0x6b, 0x65, 0x53, 0x65, 0x72, 0x76, 0x69, 0x63, 0x65, 0x52, 0x65, 0x71, 0x75, 0x65,
	0x73, 0x74, 0x1a, 0x24, 0x2e, 0x64, 0x61, 0x70, 0x72, 0x2e, 0x70, 0x72, 0x6f, 0x74, 0x6f, 0x2e,
	0x63, 0x6f, 0x6d, 0x6d, 0x6f, 0x6e, 0x2e, 0x76, 0x31, 0x2e, 0x49, 0x6e, 0x76, 0x6f, 0x6b, 0x65,
	0x52, 0x65, 0x73, 0x70, 0x6f, 0x6e, 0x73, 0x65, 0x22, 0x00, 0x12, 0x5d, 0x0a, 0x08, 0x47, 0x65,
	0x74, 0x53, 0x74, 0x61, 0x74, 0x65, 0x12, 0x26, 0x2e, 0x64, 0x61, 0x70, 0x72, 0x2e, 0x70, 0x72,
	0x6f, 0x74, 0x6f, 0x2e, 0x72, 0x75, 0x6e, 0x74, 0x69, 0x6d, 0x65, 0x2e, 0x76, 0x31, 0x2e, 0x47,
	0x65, 0x74, 0x53, 0x74, 0x61, 0x74, 0x65, 0x52, 0x65, 0x71, 0x75, 0x65, 0x73, 0x74, 0x1a, 0x27,
	0x2e, 0x64, 0x61, 0x70, 0x72, 0x2e, 0x70, 0x72, 0x6f, 0x74, 0x6f, 0x2e, 0x72, 0x75, 0x6e, 0x74,
	0x69, 0x6d, 0x65, 0x2e, 0x76, 0x31, 0x2e, 0x47, 0x65, 0x74, 0x53, 0x74, 0x61, 0x74, 0x65, 0x52,
	0x65, 0x73, 0x70, 0x6f, 0x6e, 0x73, 0x65, 0x22, 0x00, 0x12, 0x69, 0x0a, 0x0c, 0x47, 0x65, 0x74,
	0x42, 0x75, 0x6c, 0x6b, 0x53, 0x74, 0x61, 0x74, 0x65, 0x12, 0x2a, 0x2e, 0x64, 0x61, 0x70, 0x72,
	0x2e, 0x70, 0x72, 0x6f, 0x74, 0x6f, 0x2e, 0x72, 0x75, 0x6e, 0x74, 0x69, 0x6d, 0x65, 0x2e, 0x76,
	0x31, 0x2e, 0x47, 0x65, 0x74, 0x42, 0x75, 0x6c, 0x6b, 0x53, 0x74, 0x61, 0x74, 0x65, 0x52, 0x65,
	0x71, 0x75, 0x65, 0x73, 0x74, 0x1a, 0x2b, 0x2e, 0x64, 0x61, 0x70, 0x72, 0x2e, 0x70, 0x72, 0x6f,
	0x74, 0x6f, 0x2e, 0x72, 0x75, 0x6e, 0x74, 0x69, 0x6d, 0x65, 0x2e, 0x76, 0x31, 0x2e, 0x47, 0x65,
	0x74, 0x42, 0x75, 0x6c, 0x6b, 0x53, 0x74, 0x61, 0x74, 0x65, 0x52, 0x65, 0x73, 0x70, 0x6f, 0x6e,
	0x73, 0x65, 0x22, 0x00, 0x12, 0x4e, 0x0a, 0x09, 0x53, 0x61, 0x76, 0x65, 0x53, 0x74, 0x61, 0x74,
	0x65, 0x12, 0x27, 0x2e, 0x64, 0x61, 0x70, 0x72, 0x2e, 0x70, 0x72, 0x6f, 0x74, 0x6f, 0x2e, 0x72,
	0x75, 0x6e, 0x74, 0x69, 0x6d, 0x65, 0x2e, 0x76, 0x31, 0x2e, 0x53, 0x61, 0x76, 0x65, 0x53, 0x74,
	0x61, 0x74, 0x65, 0x52, 0x65, 0x71, 0x75, 0x65, 0x73, 0x74, 0x1a, 0x16, 0x2e, 0x67, 0x6f, 0x6f,
	0x67, 0x6c, 0x65, 0x2e, 0x70, 0x72, 0x6f, 0x74, 0x6f, 0x62, 0x75, 0x66, 0x2e, 0x45, 0x6d, 0x70,
	0x74, 0x79, 0x22, 0x00, 0x12, 0x69, 0x0a, 0x10, 0x51, 0x75, 0x65, 0x72, 0x79, 0x53, 0x74, 0x61,
	0x74, 0x65, 0x41, 0x6c, 0x70, 0x68, 0x61, 0x31, 0x12, 0x28, 0x2e, 0x64, 0x61, 0x70, 0x72, 0x2e,
	0x70, 0x72, 0x6f, 0x74, 0x6f, 0x2e, 0x72, 0x75, 0x6e, 0x74, 0x69, 0x6d, 0x65, 0x2e, 0x76, 0x31,
	0x2e, 0x51, 0x75, 0x65, 0x72, 0x79, 0x53, 0x74, 0x61, 0x74, 0x65, 0x52, 0x65, 0x71, 0x75, 0x65,
	0x73, 0x74, 0x1a, 0x29, 0x2e, 0x64, 0x61, 0x70, 0x72, 0x2e, 0x70, 0x72, 0x6f, 0x74, 0x6f, 0x2e,
	0x72, 0x75, 0x6e, 0x74, 0x69, 0x6d, 0x65, 0x2e, 0x76, 0x31, 0x2e, 0x51, 0x75, 0x65, 0x72, 0x79,
	0x53, 0x74, 0x61, 0x74, 0x65, 0x52, 0x65, 0x73, 0x70, 0x6f, 0x6e, 0x73, 0x65, 0x22, 0x00, 0x12,
	0x52, 0x0a, 0x0b, 0x44, 0x65, 0x6c, 0x65, 0x74, 0x65, 0x53, 0x74, 0x61, 0x74, 0x65, 0x12, 0x29,
	0x2e, 0x64, 0x61, 0x70, 0x72, 0x2e, 0x70, 0x72, 0x6f, 0x74, 0x6f, 0x2e, 0x72, 0x75, 0x6e, 0x74,
	0x69, 0x6d, 0x65, 0x2e, 0x76, 0x31, 0x2e, 0x44, 0x65, 0x6c, 0x65, 0x74, 0x65, 0x53, 0x74, 0x61,
	0x74, 0x65, 0x52, 0x65, 0x71, 0x75, 0x65, 0x73, 0x74, 0x1a, 0x16, 0x2e, 0x67, 0x6f, 0x6f, 0x67,
	0x6c, 0x65, 0x2e, 0x70, 0x72, 0x6f, 0x74, 0x6f, 0x62, 0x75, 0x66, 0x2e, 0x45, 0x6d, 0x70, 0x74,
	0x79, 0x22, 0x00, 0x12, 0x5a, 0x0a, 0x0f, 0x44, 0x65, 0x6c, 0x65, 0x74, 0x65, 0x42, 0x75, 0x6c,
	0x6b, 0x53, 0x74, 0x61, 0x74, 0x65, 0x12, 0x2d, 0x2e, 0x64, 0x61, 0x70, 0x72, 0x2e, 0x70, 0x72,
	0x6f, 0x74, 0x6f, 0x2e, 0x72, 0x75, 0x6e, 0x74, 0x69, 0x6d, 0x65, 0x2e, 0x76, 0x31, 0x2e, 0x44,
	0x65, 0x6c, 0x65, 0x74, 0x65, 0x42, 0x75, 0x6c, 0x6b, 0x53, 0x74, 0x61, 0x74, 0x65, 0x52, 0x65,
	0x71, 0x75, 0x65, 0x73, 0x74, 0x1a, 0x16, 0x2e, 0x67, 0x6f, 0x6f, 0x67, 0x6c, 0x65, 0x2e, 0x70,
	0x72, 0x6f, 0x74, 0x6f, 0x62, 0x75, 0x66, 0x2e, 0x45, 0x6d, 0x70, 0x74, 0x79, 0x22, 0x00, 0x12,
	0x6a, 0x0a, 0x17, 0x45, 0x78, 0x65, 0x63, 0x75, 0x74, 0x65, 0x53, 0x74, 0x61, 0x74, 0x65, 0x54,
	0x72, 0x61, 0x6e, 0x73, 0x61, 0x63, 0x74, 0x69, 0x6f, 0x6e, 0x12, 0x35, 0x2e, 0x64, 0x61, 0x70,
	0x72, 0x2e, 0x70, 0x72, 0x6f, 0x74, 0x6f, 0x2e, 0x72, 0x75, 0x6e, 0x74, 0x69, 0x6d, 0x65, 0x2e,
	0x76, 0x31, 0x2e, 0x45, 0x78, 0x65, 0x63, 0x75, 0x74, 0x65, 0x53, 0x74, 0x61, 0x74, 0x65, 0x54,
	0x72, 0x61, 0x6e, 0x73, 0x61, 0x63, 0x74, 0x69, 0x6f, 0x6e, 0x52, 0x65, 0x71, 0x75, 0x65, 0x73,
	0x74, 0x1a, 0x16, 0x2e, 0x67, 0x6f, 0x6f, 0x67, 0x6c, 0x65, 0x2e, 0x70, 0x72, 0x6f, 0x74, 0x6f,
	0x62, 0x75, 0x66, 0x2e, 0x45, 0x6d, 0x70, 0x74, 0x79, 0x22, 0x00, 0x12, 0x54, 0x0a, 0x0c, 0x50,
	0x75, 0x62, 0x6c, 0x69, 0x73, 0x68, 0x45, 0x76, 0x65, 0x6e, 0x74, 0x12, 0x2a, 0x2e, 0x64, 0x61,
	0x70, 0x72, 0x2e, 0x70, 0x72, 0x6f, 0x74, 0x6f, 0x2e, 0x72, 0x75, 0x6e, 0x74, 0x69, 0x6d, 0x65,
	0x2e, 0x76, 0x31, 0x2e, 0x50, 0x75, 0x62, 0x6c, 0x69, 0x73, 0x68, 0x45, 0x76, 0x65, 0x6e, 0x74,
	0x52, 0x65, 0x71, 0x75, 0x65, 0x73, 0x74, 0x1a, 0x16, 0x2e, 0x67, 0x6f, 0x6f, 0x67, 0x6c, 0x65,
	0x2e, 0x70, 0x72, 0x6f, 0x74, 0x6f, 0x62, 0x75, 0x66, 0x2e, 0x45, 0x6d, 0x70, 0x74, 0x79, 0x22,
	0x00, 0x12, 0x74, 0x0a, 0x16, 0x42, 0x75, 0x6c, 0x6b, 0x50, 0x75, 0x62, 0x6c, 0x69, 0x73, 0x68,
	0x45, 0x76, 0x65, 0x6e, 0x74, 0x41, 0x6c, 0x70, 0x68, 0x61, 0x31, 0x12, 0x29, 0x2e, 0x64, 0x61,
	0x70, 0x72, 0x2e, 0x70, 0x72, 0x6f, 0x74, 0x6f, 0x2e, 0x72, 0x75, 0x6e, 0x74, 0x69, 0x6d, 0x65,
	0x2e, 0x76, 0x31, 0x2e, 0x42, 0x75, 0x6c, 0x6b, 0x50, 0x75, 0x62, 0x6c, 0x69, 0x73, 0x68, 0x52,
	0x65, 0x71, 0x75, 0x65, 0x73, 0x74, 0x1a, 0x2a, 0x2e, 0x64, 0x61, 0x70, 0x72, 0x2e, 0x70, 0x72,
	0x6f, 0x74, 0x6f, 0x2e, 0x72, 0x75, 0x6e, 0x74, 0x69, 0x6d, 0x65, 0x2e, 0x76, 0x31, 0x2e, 0x42,
	0x75, 0x6c, 0x6b, 0x50, 0x75, 0x62, 0x6c, 0x69, 0x73, 0x68, 0x52, 0x65, 0x73, 0x70, 0x6f, 0x6e,
	0x73, 0x65, 0x22, 0x03, 0x88, 0x02, 0x01, 0x12, 0x6b, 0x0a, 0x10, 0x42, 0x75, 0x6c, 0x6b, 0x50,
	0x75, 0x62, 0x6c, 0x69, 0x73, 0x68, 0x45, 0x76, 0x65, 0x6e, 0x74, 0x12, 0x29, 0x2e, 0x64, 0x61,
	0x70, 0x72, 0x2e, 0x70, 0x72, 0x6f, 0x74, 0x6f, 0x2e, 0x72, 0x75, 0x6e, 0x74, 0x69, 0x6d, 0x65,
	0x2e, 0x76, 0x31, 0x2e, 0x42, 0x75, 0x6c, 0x6b, 0x50, 0x75, 0x62, 0x6c, 0x69, 0x73, 0x68, 0x52,
	0x65, 0x71, 0x75, 0x65, 0x73, 0x74, 0x1a, 0x2a, 0x2e, 0x64, 0x61, 0x70, 0x72, 0x2e, 0x70, 0x72,
	0x6f, 0x74, 0x6f, 0x2e, 0x72, 0x75, 0x6e, 0x74, 0x69, 0x6d, 0x65, 0x2e, 0x76, 0x31, 0x2e, 0x42,
	0x75, 0x6c, 0x6b, 0x50, 0x75, 0x62, 0x6c, 0x69, 0x73, 0x68, 0x52, 0x65, 0x73, 0x70, 0x6f, 0x6e,
	0x73, 0x65, 0x22, 0x00, 0x12, 0x97, 0x01, 0x0a, 0x1a, 0x53, 0x75, 0x62, 0x73, 0x63, 0x72, 0x69,
	0x62, 0x65, 0x54, 0x6f, 0x70, 0x69, 0x63, 0x45, 0x76, 0x65, 0x6e, 0x74, 0x73, 0x41, 0x6c, 0x70,
	0x68, 0x61, 0x31, 0x12, 0x38, 0x2e, 0x64, 0x61, 0x70, 0x72, 0x2e, 0x70, 0x72, 0x6f, 0x74, 0x6f,
	0x2e, 0x72, 0x75, 0x6e, 0x74, 0x69, 0x6d, 0x65, 0x2e, 0x76, 0x31, 0x2e, 0x53, 0x75, 0x62, 0x73,
	0x63, 0x72, 0x69, 0x62, 0x65, 0x54, 0x6f, 0x70, 0x69, 0x63, 0x45, 0x76, 0x65, 0x6e, 0x74, 0x73,
	0x52, 0x65, 0x71, 0x75, 0x65, 0x73, 0x74, 0x41, 0x6c, 0x70, 0x68, 0x61, 0x31, 0x1a, 0x39, 0x2e,
	0x64, 0x61, 0x70, 0x72, 0x2e, 0x70, 0x72, 0x6f, 0x74, 0x6f, 0x2e, 0x72, 0x75, 0x6e, 0x74, 0x69,
	0x6d, 0x65, 0x2e, 0x76, 0x31, 0x2e, 0x53, 0x75, 0x62, 0x73, 0x63, 0x72, 0x69, 0x62, 0x65, 0x54,
	0x6f, 0x70, 0x69, 0x63, 0x45, 0x76, 0x65, 0x6e, 0x74, 0x73, 0x52, 0x65, 0x73, 0x70, 0x6f, 0x6e,
	0x73, 0x65, 0x41, 0x6c, 0x70, 0x68, 0x61, 0x31, 0x22, 0x00, 0x28, 0x01, 0x30, 0x01, 0x12, 0x6c,
	0x0a, 0x0d, 0x49, 0x6e, 0x76, 0x6f, 0x6b, 0x65, 0x42, 0x69, 0x6e, 0x64, 0x69, 0x6e, 0x67, 0x12,
	0x2b, 0x2e, 0x64, 0x61, 0x70, 0x72, 0x2e, 0x70, 0x72, 0x6f, 0x74, 0x6f, 0x2e, 0x72, 0x75, 0x6e,
	0x74, 0x69, 0x6d, 0x65, 0x2e, 0x76, 0x31, 0x2e, 0x49, 0x6e, 0x76, 0x6f, 0x6b, 0x65, 0x42, 0x69,
	0x6e, 0x64, 0x69, 0x6e, 0x67, 0x52, 0x65, 0x71, 0x75, 0x65, 0x73, 0x74, 0x1a, 0x2c, 0x2e, 0x64,
	0x61, 0x70, 0x72, 0x2e, 0x70, 0x72, 0x6f, 0x74, 0x6f, 0x2e, 0x72, 0x75, 0x6e, 0x74, 0x69, 0x6d,
	0x65, 0x2e, 0x76, 0x31, 0x2e, 0x49, 0x6e, 0x76, 0x6f, 0x6b, 0x65, 0x42, 0x69, 0x6e, 0x64, 0x69,
	0x6e, 0x67, 0x52, 0x65, 0x73, 0x70, 0x6f, 0x6e, 0x73, 0x65, 0x22, 0x00, 0x12, 0x60, 0x0a, 0x09,
	0x47, 0x65, 0x74, 0x53, 0x65, 0x63, 0x72, 0x65, 0x74, 0x12, 0x27, 0x2e, 0x64, 0x61, 0x70, 0x72,
	0x2e, 0x70, 0x72, 0x6f, 0x74, 0x6f, 0x2e, 0x72, 0x75, 0x6e, 0x74, 0x69, 0x6d, 0x65, 0x2e, 0x76,
	0x31, 0x2e, 0x47, 0x65, 0x74, 0x53, 0x65, 0x63, 0x72, 0x65, 0x74, 0x52, 0x65, 0x71, 0x75, 0x65,
	0x73, 0x74, 0x1a, 0x28, 0x2e, 0x64, 0x61, 0x70, 0x72, 0x2e, 0x70, 0x72, 0x6f, 0x74, 0x6f, 0x2e,
	0x72, 0x75, 0x6e, 0x74, 0x69, 0x6d, 0x65, 0x2e, 0x76, 0x31, 0x2e, 0x47, 0x65, 0x74, 0x53, 0x65,
	0x63, 0x72, 0x65, 0x74, 0x52, 0x65, 0x73, 0x70, 0x6f, 0x6e, 0x73, 0x65, 0x22, 0x00, 0x12, 0x6c,
	0x0a, 0x0d, 0x47, 0x65, 0x74, 0x42, 0x75, 0x6c, 0x6b, 0x53, 0x65, 0x63, 0x72, 0x65, 0x74, 0x12,
	0x2b, 0x2e, 0x64, 0x61, 0x70, 0x72, 0x2e, 0x70, 0x72, 0x6f, 0x74, 0x6f, 0x2e, 0x72, 0x75, 0x6e,
	0x74, 0x69, 0x6d, 0x65, 0x2e, 0x76, 0x31, 0x2e, 0x47, 0x65, 0x74, 0x42, 0x75, 0x6c, 0x6b, 0x53,
	0x65, 0x63, 0x72, 0x65, 0x74, 0x52, 0x65, 0x71, 0x75, 0x65, 0x73, 0x74, 0x1a, 0x2c, 0x2e, 0x64,
	0x61, 0x70, 0x72, 0x2e, 0x70, 0x72, 0x6f, 0x74, 0x6f, 0x2e, 0x72, 0x75, 0x6e, 0x74, 0x69, 0x6d,
	0x65, 0x2e, 0x76, 0x31, 0x2e, 0x47, 0x65, 0x74, 0x42, 0x75, 0x6c, 0x6b, 0x53, 0x65, 0x63, 0x72,
	0x65, 0x74, 0x52, 0x65, 0x73, 0x70, 0x6f, 0x6e, 0x73, 0x65, 0x22, 0x00, 0x12, 0x60, 0x0a, 0x12,
	0x52, 0x65, 0x67, 0x69, 0x73, 0x74, 0x65, 0x72, 0x41, 0x63, 0x74, 0x6f, 0x72, 0x54, 0x69, 0x6d,
	0x65, 0x72, 0x12, 0x30, 0x2e, 0x64, 0x61, 0x70, 0x72, 0x2e, 0x70, 0x72, 0x6f, 0x74, 0x6f, 0x2e,
	0x72, 0x75, 0x6e, 0x74, 0x69, 0x6d, 0x65, 0x2e, 0x76, 0x31, 0x2e, 0x52, 0x65, 0x67, 0x69, 0x73,
	0x74, 0x65, 0x72, 0x41, 0x63, 0x74, 0x6f, 0x72, 0x54, 0x69, 0x6d, 0x65, 0x72, 0x52, 0x65, 0x71,
	0x75, 0x65, 0x73, 0x74, 0x1a, 0x16, 0x2e, 0x67, 0x6f, 0x6f, 0x67, 0x6c, 0x65, 0x2e, 0x70, 0x72,
	0x6f, 0x74, 0x6f, 0x62, 0x75, 0x66, 0x2e, 0x45, 0x6d, 0x70, 0x74, 0x79, 0x22, 0x00, 0x12, 0x64,
	0x0a, 0x14, 0x55, 0x6e, 0x72, 0x65, 0x67, 0x69, 0x73, 0x74, 0x65, 0x72, 0x41, 0x63, 0x74, 0x6f,
	0x72, 0x54, 0x69, 0x6d, 0x65, 0x72, 0x12, 0x32, 0x2e, 0x64, 0x61, 0x70, 0x72, 0x2e, 0x70, 0x72,
	0x6f, 0x74, 0x6f, 0x2e, 0x72, 0x75, 0x6e, 0x74, 0x69, 0x6d, 0x65, 0x2e, 0x76, 0x31, 0x2e, 0x55,
	0x6e, 0x72, 0x65, 0x67, 0x69, 0x73, 0x74, 0x65, 0x72, 0x41, 0x63, 0x74, 0x6f, 0x72, 0x54, 0x69,
	0x6d, 0x65, 0x72, 0x52, 0x65, 0x71, 0x75, 0x65, 0x73, 0x74, 0x1a, 0x16, 0x2e, 0x67, 0x6f, 0x6f,
	0x67, 0x6c, 0x65, 0x2e, 0x70, 0x72, 0x6f, 0x74, 0x6f, 0x62, 0x75, 0x66, 0x2e, 0x45, 0x6d, 0x70,
	0x74, 0x79, 0x22, 0x00, 0x12, 0x66, 0x0a, 0x15, 0x52, 0x65, 0x67, 0x69, 0x73, 0x74, 0x65, 0x72,
	0x41, 0x63, 0x74, 0x6f, 0x72, 0x52, 0x65, 0x6d, 0x69, 0x6e, 0x64, 0x65, 0x72, 0x12, 0x33, 0x2e,
	0x64, 0x61, 0x70, 0x72, 0x2e, 0x70, 0x72, 0x6f, 0x74, 0x6f, 0x2e, 0x72, 0x75, 0x6e, 0x74, 0x69,
	0x6d, 0x65, 0x2e, 0x76, 0x31, 0x2e, 0x52, 0x65, 0x67, 0x69, 0x73, 0x74, 0x65, 0x72, 0x41, 0x63,
	0x74, 0x6f, 0x72, 0x52, 0x65, 0x6d, 0x69, 0x6e, 0x64, 0x65, 0x72, 0x52, 0x65, 0x71, 0x75, 0x65,
	0x73, 0x74, 0x1a, 0x16, 0x2e, 0x67, 0x6f, 0x6f, 0x67, 0x6c, 0x65, 0x2e, 0x70, 0x72, 0x6f, 0x74,
	0x6f, 0x62, 0x75, 0x66, 0x2e, 0x45, 0x6d, 0x70, 0x74, 0x79, 0x22, 0x00, 0x12, 0x6a, 0x0a, 0x17,
	0x55, 0x6e, 0x72, 0x65, 0x67, 0x69, 0x73, 0x74, 0x65, 0x72, 0x41, 0x63, 0x74, 0x6f, 0x72, 0x52,
	0x65, 0x6d, 0x69, 0x6e, 0x64, 0x65, 0x72, 0x12, 0x35, 0x2e, 0x64, 0x61, 0x70, 0x72, 0x2e, 0x70,
	0x72, 0x6f, 0x74, 0x6f, 0x2e, 0x72, 0x75, 0x6e, 0x74, 0x69, 0x6d, 0x65, 0x2e, 0x76, 0x31, 0x2e,
	0x55, 0x6e, 0x72, 0x65, 0x67, 0x69, 0x73, 0x74, 0x65, 0x72, 0x41, 0x63, 0x74, 0x6f, 0x72, 0x52,
	0x65, 0x6d, 0x69, 0x6e, 0x64, 0x65, 0x72, 0x52, 0x65, 0x71, 0x75, 0x65, 0x73, 0x74, 0x1a, 0x16,
	0x2e, 0x67, 0x6f, 0x6f, 0x67, 0x6c, 0x65, 0x2e, 0x70, 0x72, 0x6f, 0x74, 0x6f, 0x62, 0x75, 0x66,
	0x2e, 0x45, 0x6d, 0x70, 0x74, 0x79, 0x22, 0x00, 0x12, 0x9f, 0x01, 0x0a, 0x1e, 0x55, 0x6e, 0x72,
	0x65, 0x67, 0x69, 0x73, 0x74, 0x65, 0x72, 0x41, 0x63, 0x74, 0x6f, 0x72, 0x52, 0x65, 0x6d, 0x69,
	0x6e, 0x64, 0x65, 0x72, 0x73, 0x42, 0x79, 0x54, 0x79, 0x70, 0x65, 0x12, 0x3c, 0x2e, 0x64, 0x61,
	0x70, 0x72, 0x2e, 0x70, 0x72, 0x6f, 0x74, 0x6f, 0x2e, 0x72, 0x75, 0x6e, 0x74, 0x69, 0x6d, 0x65,
	0x2e, 0x76, 0x31, 0x2e, 0x55, 0x6e, 0x72, 0x65, 0x67, 0x69, 0x73, 0x74, 0x65, 0x72, 0x41, 0x63,
	0x74, 0x6f, 0x72, 0x52, 0x65, 0x6d, 0x69, 0x6e, 0x64, 0x65, 0x72, 0x73, 0x42, 0x79, 0x54, 0x79,
	0x70, 0x65, 0x52, 0x65, 0x71, 0x75, 0x65, 0x73, 0x74, 0x1a, 0x3d, 0x2e, 0x64, 0x61, 0x70, 0x72,
	0x2e, 0x70, 0x72, 0x6f, 0x74, 0x6f, 0x2e, 0x72, 0x75, 0x6e, 0x74, 0x69, 0x6d, 0x65, 0x2e, 0x76,
	0x31, 0x2e, 0x55, 0x6e, 0x72, 0x65, 0x67, 0x69, 0x73, 0x74, 0x65, 0x72, 0x41, 0x63, 0x74, 0x6f,
	0x72, 0x52, 0x65, 0x6d, 0x69, 0x6e, 0x64, 0x65, 0x72, 0x73, 0x42, 0x79, 0x54, 0x79, 0x70, 0x65,
	0x52, 0x65, 0x73, 0x70, 0x6f, 0x6e, 0x73, 0x65, 0x22, 0x00, 0x12, 0x7b, 0x0a, 0x12, 0x4c, 0x69,
	0x73, 0x74, 0x41, 0x63, 0x74, 0x6f, 0x72, 0x52, 0x65, 0x6d, 0x69, 0x6e, 0x64, 0x65, 0x72, 0x73,
	0x12, 0x30, 0x2e, 0x64, 0x61, 0x70, 0x72, 0x2e, 0x70, 0x72, 0x6f, 0x74, 0x6f, 0x2e, 0x72, 0x75,
	0x6e, 0x74, 0x69, 0x6d, 0x65, 0x2e, 0x76, 0x31, 0x2e, 0x4c, 0x69, 0x73, 0x74, 0x41, 0x63, 0x74,
	0x6f, 0x72, 0x52, 0x65, 0x6d, 0x69, 0x6e, 0x64, 0x65, 0x72, 0x73, 0x52, 0x65, 0x71, 0x75, 0x65,
	0x73, 0x74, 0x1a, 0x31, 0x2e, 0x64, 0x61, 0x70, 0x72, 0x2e, 0x70, 0x72, 0x6f, 0x74, 0x6f, 0x2e,
	0x72, 0x75, 0x6e, 0x74, 0x69, 0x6d, 0x65, 0x2e, 0x76, 0x31, 0x2e, 0x4c, 0x69, 0x73, 0x74, 0x41,
	0x63, 0x74, 0x6f, 0x72, 0x52, 0x65, 0x6d, 0x69, 0x6e, 0x64, 0x65, 0x72, 0x73, 0x52, 0x65, 0x73,
	0x70, 0x6f, 0x6e, 0x73, 0x65, 0x22, 0x00, 0x12, 0x72, 0x0a, 0x0f, 0x4c, 0x69, 0x73, 0x74, 0x41,
	0x63, 0x74, 0x6f, 0x72, 0x54, 0x69, 0x6d, 0x65, 0x72, 0x73, 0x12, 0x2d, 0x2e, 0x64, 0x61, 0x70,
	0x72, 0x2e, 0x70, 0x72, 0x6f, 0x74, 0x6f, 0x2e, 0x72, 0x75, 0x6e, 0x74, 0x69, 0x6d, 0x65, 0x2e,
	0x76, 0x31, 0x2e, 0x4c, 0x69, 0x73, 0x74, 0x41, 0x63, 0x74, 0x6f, 0x72, 0x54, 0x69, 0x6d, 0x65,
	0x72, 0x73, 0x52, 0x65, 0x71, 0x75, 0x65, 0x73, 0x74, 0x1a, 0x2e, 0x2e, 0x64, 0x61, 0x70, 0x72,
	0x2e, 0x70, 0x72, 0x6f, 0x74, 0x6f, 0x2e, 0x72, 0x75, 0x6e, 0x74, 0x69, 0x6d, 0x65, 0x2e, 0x76,
	0x31, 0x2e, 0x4c, 0x69, 0x73, 0x74, 0x41, 0x63, 0x74, 0x6f, 0x72, 0x54, 0x69, 0x6d, 0x65, 0x72,
	0x73, 0x52, 0x65, 0x73, 0x70, 0x6f, 0x6e, 0x73, 0x65, 0x22, 0x00, 0x12, 0x6c, 0x0a, 0x0d, 0x47,
	0x65, 0x74, 0x41, 0x63, 0x74, 0x6f, 0x72, 0x53, 0x74, 0x61, 0x74, 0x65, 0x12, 0x2b, 0x2e, 0x64,
	0x61, 0x70, 0x72, 0x2e, 0x70, 0x72, 0x6f, 0x74, 0x6f, 0x2e, 0x72, 0x75, 0x6e, 0x74, 0x69, 0x6d,
	0x65, 0x2e, 0x76, 0x31, 0x2e, 0x47, 0x65, 0x74, 0x41, 0x63, 0x74, 0x6f, 0x72, 0x53, 0x74, 0x61,
	0x74, 0x65, 0x52, 0x65, 0x71, 0x75, 0x65, 0x73, 0x74, 0x1a, 0x2c, 0x2e, 0x64, 0x61, 0x70, 0x72,
	0x2e, 0x70, 0x72, 0x6f, 0x74, 0x6f, 0x2e, 0x72, 0x75, 0x6e, 0x74, 0x69, 0x6d, 0x65, 0x2e, 0x76,
	0x31, 0x2e, 0x47, 0x65, 0x74, 0x41, 0x63, 0x74, 0x6f, 0x72, 0x53, 0x74, 0x61, 0x74, 0x65, 0x52,
	0x65, 0x73, 0x70, 0x6f, 0x6e, 0x73, 0x65, 0x22, 0x00, 0x12, 0x75, 0x0a, 0x10, 0x47, 0x65, 0x74,
	0x41, 0x63, 0x74, 0x6f, 0x72, 0x52, 0x65, 0x6d, 0x69, 0x6e, 0x64, 0x65, 0x72, 0x12, 0x2e, 0x2e,
	0x64, 0x61, 0x70, 0x72, 0x2e, 0x70, 0x72, 0x6f, 0x74, 0x6f, 0x2e, 0x72, 0x75, 0x6e, 0x74, 0x69,
	0x6d, 0x65, 0x2e, 0x76, 0x31, 0x2e, 0x47, 0x65, 0x74, 0x41, 0x63, 0x74, 0x6f, 0x72, 0x52, 0x65,
	0x6d, 0x69, 0x6e, 0x64, 0x65, 0x72, 0x52, 0x65, 0x71, 0x75, 0x65, 0x73, 0x74, 0x1a, 0x2f, 0x2e,
	0x64, 0x61, 0x70, 0x72, 0x2e, 0x70, 0x72, 0x6f, 0x74, 0x6f, 0x2e, 0x72, 0x75, 0x6e, 0x74, 0x69,
	0x6d, 0x65, 0x2e, 0x76, 0x31, 0x2e, 0x47, 0x65, 0x74, 0x41, 0x63, 0x74, 0x6f, 0x72, 0x52, 0x65,
	0x6d, 0x69, 0x6e, 0x64, 0x65, 0x72, 0x52, 0x65, 0x73, 0x70, 0x6f, 0x6e, 0x73, 0x65, 0x22, 0x00,
	0x12, 0x6c, 0x0a, 0x0d, 0x47, 0x65, 0x74, 0x41, 0x63, 0x74, 0x6f, 0x72, 0x54, 0x69, 0x6d, 0x65,
	0x72, 0x12, 0x2b, 0x2e, 0x64, 0x61, 0x70, 0x72, 0x2e, 0x70, 0x72, 0x6f, 0x74, 0x6f, 0x2e, 0x72,
	0x75, 0x6e, 0x74, 0x69, 0x6d, 0x65, 0x2e, 0x76, 0x31, 0x2e, 0x47, 0x65, 0x74, 0x41, 0x63, 0x74,
	0x6f, 0x72, 0x54, 0x69, 0x6d, 0x65, 0x72, 0x52, 0x65, 0x71, 0x75, 0x65, 0x73, 0x74, 0x1a, 0x2c,
	0x2e, 0x64, 0x61, 0x70, 0x72, 0x2e, 0x70, 0x72, 0x6f, 0x74, 0x6f, 0x2e, 0x72, 0x75, 0x6e, 0x74,
	0x69, 0x6d, 0x65, 0x2e, 0x76, 0x31, 0x2e, 0x47, 0x65, 0x74, 0x41, 0x63, 0x74, 0x6f, 0x72, 0x54,
	0x69, 0x6d, 0x65, 0x72, 0x52, 0x65, 0x73, 0x70, 0x6f, 0x6e, 0x73, 0x65, 0x22, 0x00, 0x12, 0x74,
	0x0a, 0x1c, 0x45, 0x78, 0x65, 0x63, 0x75, 0x74, 0x65, 0x41, 0x63, 0x74, 0x6f, 0x72, 0x53, 0x74,
	0x61, 0x74, 0x65, 0x54, 0x72, 0x61, 0x6e, 0x73, 0x61, 0x63, 0x74, 0x69, 0x6f, 0x6e, 0x12, 0x3a,
	0x2e, 0x64, 0x61, 0x70, 0x72, 0x2e, 0x70, 0x72, 0x6f, 0x74, 0x6f, 0x2e, 0x72, 0x75, 0x6e, 0x74,
	0x69, 0x6d, 0x65, 0x2e, 0x76, 0x31, 0x2e, 0x45, 0x78, 0x65, 0x63, 0x75, 0x74, 0x65, 0x41, 0x63,
	0x74, 0x6f, 0x72, 0x53, 0x74, 0x61, 0x74, 0x65, 0x54, 0x72, 0x61, 0x6e, 0x73, 0x61, 0x63, 0x74,
	0x69, 0x6f, 0x6e, 0x52, 0x65, 0x71, 0x75, 0x65, 0x73, 0x74, 0x1a, 0x16, 0x2e, 0x67, 0x6f, 0x6f,
	0x67, 0x6c, 0x65, 0x2e, 0x70, 0x72, 0x6f, 0x74, 0x6f, 0x62, 0x75, 0x66, 0x2e, 0x45, 0x6d, 0x70,
	0x74, 0x79, 0x22, 0x00, 0x12, 0x66, 0x0a, 0x0b, 0x49, 0x6e, 0x76, 0x6f, 0x6b, 0x65, 0x41, 0x63,
	0x74, 0x6f, 0x72, 0x12, 0x29, 0x2e, 0x64, 0x61, 0x70, 0x72, 0x2e, 0x70, 0x72, 0x6f, 0x74, 0x6f,
	0x2e, 0x72, 0x75, 0x6e, 0x74, 0x69, 0x6d, 0x65, 0x2e, 0x76, 0x31, 0x2e, 0x49, 0x6e, 0x76, 0x6f,
	0x6b, 0x65, 0x41, 0x63, 0x74, 0x6f, 0x72, 0x52, 0x65, 0x71, 0x75, 0x65, 0x73, 0x74, 0x1a, 0x2a,
	0x2e, 0x64, 0x61, 0x70, 0x72, 0x2e, 0x70, 0x72, 0x6f, 0x74, 0x6f, 0x2e, 0x72, 0x75, 0x6e, 0x74,
	0x69, 0x6d, 0x65, 0x2e, 0x76, 0x31, 0x2e, 0x49, 0x6e, 0x76, 0x6f, 0x6b, 0x65, 0x41, 0x63, 0x74,
	0x6f, 0x72, 0x52, 0x65, 0x73, 0x70, 0x6f, 0x6e, 0x73, 0x65, 0x22, 0x00, 0x12, 0x97, 0x01, 0x0a,
	0x1a, 0x53, 0x75, 0x62, 0x73, 0x63, 0x72, 0x69, 0x62, 0x65, 0x41, 0x63, 0x74, 0x6f, 0x72, 0x45,
	0x76, 0x65, 0x6e, 0x74, 0x73, 0x41, 0x6c, 0x70, 0x68, 0x61, 0x31, 0x12, 0x38, 0x2e, 0x64, 0x61,
	0x70, 0x72, 0x2e, 0x70, 0x72, 0x6f, 0x74, 0x6f, 0x2e, 0x72, 0x75, 0x6e, 0x74, 0x69, 0x6d, 0x65,
	0x2e, 0x76, 0x31, 0x2e, 0x53, 0x75, 0x62, 0x73, 0x63, 0x72, 0x69, 0x62, 0x65, 0x41, 0x63, 0x74,
	0x6f, 0x72, 0x45, 0x76, 0x65, 0x6e, 0x74, 0x73, 0x52, 0x65, 0x71, 0x75, 0x65, 0x73, 0x74, 0x41,
	0x6c, 0x70, 0x68, 0x61, 0x31, 0x1a, 0x39, 0x2e, 0x64, 0x61, 0x70, 0x72, 0x2e, 0x70, 0x72, 0x6f,
	0x74, 0x6f, 0x2e, 0x72, 0x75, 0x6e, 0x74, 0x69, 0x6d, 0x65, 0x2e, 0x76, 0x31, 0x2e, 0x53, 0x75,
	0x62, 0x73, 0x63, 0x72, 0x69, 0x62, 0x65, 0x41, 0x63, 0x74, 0x6f, 0x72, 0x45, 0x76, 0x65, 0x6e,
	0x74, 0x73, 0x52, 0x65, 0x73, 0x70, 0x6f, 0x6e, 0x73, 0x65, 0x41, 0x6c, 0x70, 0x68, 0x61, 0x31,
	0x22, 0x00, 0x28, 0x01, 0x30, 0x01, 0x12, 0x7b, 0x0a, 0x16, 0x47, 0x65, 0x74, 0x43, 0x6f, 0x6e,
	0x66, 0x69, 0x67, 0x75, 0x72, 0x61, 0x74, 0x69, 0x6f, 0x6e, 0x41, 0x6c, 0x70, 0x68, 0x61, 0x31,
	0x12, 0x2e, 0x2e, 0x64, 0x61, 0x70, 0x72, 0x2e, 0x70, 0x72, 0x6f, 0x74, 0x6f, 0x2e, 0x72, 0x75,
	0x6e, 0x74, 0x69, 0x6d, 0x65, 0x2e, 0x76, 0x31, 0x2e, 0x47, 0x65, 0x74, 0x43, 0x6f, 0x6e, 0x66,
	0x69, 0x67, 0x75, 0x72, 0x61, 0x74, 0x69, 0x6f, 0x6e, 0x52, 0x65, 0x71, 0x75, 0x65, 0x73, 0x74,
	0x1a, 0x2f, 0x2e, 0x64, 0x61, 0x70, 0x72, 0x2e, 0x70, 0x72, 0x6f, 0x74, 0x6f, 0x2e, 0x72, 0x75,
	0x6e, 0x74, 0x69, 0x6d, 0x65, 0x2e, 0x76, 0x31, 0x2e, 0x47, 0x65, 0x74, 0x43, 0x6f, 0x6e, 0x66,
	0x69, 0x67, 0x75, 0x72, 0x61, 0x74, 0x69, 0x6f, 0x6e, 0x52, 0x65, 0x73, 0x70, 0x6f, 0x6e, 0x73,
	0x65, 0x22, 0x00, 0x12, 0x75, 0x0a, 0x10, 0x47, 0x65, 0x74, 0x43, 0x6f, 0x6e, 0x66, 0x69, 0x67,
	0x75, 0x72, 0x61, 0x74, 0x69, 0x6f, 0x6e, 0x12, 0x2e, 0x2e, 0x64, 0x61, 0x70, 0x72, 0x2e, 0x70,
	0x72, 0x6f, 0x74, 0x6f, 0x2e, 0x72, 0x75, 0x6e, 0x74, 0x69, 0x6d, 0x65, 0x2e, 0x76, 0x31, 0x2e,
	0x47, 0x65, 0x74, 0x43, 0x6f, 0x6e, 0x66, 0x69, 0x67, 0x75, 0x72, 0x61, 0x74, 0x69, 0x6f, 0x6e,
	0x52, 0x65, 0x71, 0x75, 0x65, 0x73, 0x74, 0x1a, 0x2f, 0x2e, 0x64, 0x61, 0x70, 0x72, 0x2e, 0x70,
	0x72, 0x6f, 0x74, 0x6f, 0x2e, 0x72, 0x75, 0x6e, 0x74, 0x69, 0x6d, 0x65, 0x2e, 0x76, 0x31, 0x2e,
	0x47, 0x65, 0x74, 0x43, 0x6f, 0x6e, 0x66, 0x69, 0x67, 0x75, 0x72, 0x61, 0x74, 0x69, 0x6f, 0x6e,
	0x52, 0x65, 0x73, 0x70, 0x6f, 0x6e, 0x73, 0x65, 0x22, 0x00, 0x12, 0x8f, 0x01, 0x0a, 0x1c, 0x53,
	0x75, 0x62, 0x73, 0x63, 0x72, 0x69, 0x62, 0x65, 0x43, 0x6f, 0x6e, 0x66, 0x69, 0x67, 0x75, 0x72,
	0x61, 0x74, 0x69, 0x6f, 0x6e, 0x41, 0x6c, 0x70, 0x68, 0x61, 0x31, 0x12, 0x34, 0x2e, 0x64, 0x61,
	0x70, 0x72, 0x2e, 0x70, 0x72, 0x6f, 0x74, 0x6f, 0x2e, 0x72, 0x75, 0x6e, 0x74, 0x69, 0x6d, 0x65,
	0x2e, 0x76, 0x31, 0x2e, 0x53, 0x75, 0x62, 0x73, 0x63, 0x72, 0x69, 0x62, 0x65, 0x43, 0x6f, 0x6e,
	0x66, 0x69, 0x67, 0x75, 0x72, 0x61, 0x74, 0x69, 0x6f, 0x6e, 0x52, 0x65, 0x71, 0x75, 0x65, 0x73,
	0x74, 0x1a, 0x35, 0x2e, 0x64, 0x61, 0x70, 0x72, 0x2e, 0x70, 0x72, 0x6f, 0x74, 0x6f, 0x2e, 0x72,
	0x75, 0x6e, 0x74, 0x69, 0x6d, 0x65, 0x2e, 0x76, 0x31, 0x2e, 0x53, 0x75, 0x62, 0x73, 0x63, 0x72,
	0x69, 0x62, 0x65, 0x43, 0x6f, 0x6e, 0x66, 0x69, 0x67, 0x75, 0x72, 0x61, 0x74, 0x69, 0x6f, 0x6e,
	0x52, 0x65, 0x73, 0x70, 0x6f, 0x6e, 0x73, 0x65, 0x22, 0x00, 0x30, 0x01, 0x12, 0x89, 0x01, 0x0a,
	0x16, 0x53, 0x75, 0x62, 0x73, 0x63, 0x72, 0x69, 0x62, 0x65, 0x43, 0x6f, 0x6e, 0x66, 0x69, 0x67,
	0x75, 0x72, 0x61, 0x74, 0x69, 0x6f, 0x6e, 0x12, 0x34, 0x2e, 0x64, 0x61, 0x70, 0x72, 0x2e, 0x70,
	0x72, 0x6f, 0x74, 0x6f, 0x2e, 0x72, 0x75, 0x6e, 0x74, 0x69, 0x6d, 0x65, 0x2e, 0x76, 0x31, 0x2e,
	0x53, 0x75, 0x62, 0x73, 0x63, 0x72, 0x69, 0x62, 0x65, 0x43, 0x6f, 0x6e, 0x66, 0x69, 0x67, 0x75,
	0x72, 0x61, 0x74, 0x69, 0x6f, 0x6e, 0x52, 0x65, 0x71, 0x75, 0x65, 0x73, 0x74, 0x1a, 0x35, 0x2e,
	0x64, 0x61, 0x70, 0x72, 0x2e, 0x70, 0x72, 0x6f, 0x74, 0x6f, 0x2e, 0x72, 0x75, 0x6e, 0x74, 0x69,
	0x6d, 0x65, 0x2e, 0x76, 0x31, 0x2e, 0x53, 0x75, 0x62, 0x73, 0x63, 0x72, 0x69, 0x62, 0x65, 0x43,
	0x6f, 0x6e, 0x66, 0x69, 0x67, 0x75, 0x72, 0x61, 0x74, 0x69, 0x6f, 0x6e, 0x52, 0x65, 0x73, 0x70,
	0x6f, 0x6e, 0x73, 0x65, 0x22, 0x00, 0x30, 0x01, 0x12, 0x93, 0x01, 0x0a, 0x1e, 0x55, 0x6e, 0x73,
	0x75, 0x62, 0x73, 0x63, 0x72, 0x69, 0x62, 0x65, 0x43, 0x6f, 0x6e, 0x66, 0x69, 0x67, 0x75, 0x72,
	0x61, 0x74, 0x69, 0x6f, 0x6e, 0x41, 0x6c, 0x70, 0x68, 0x61, 0x31, 0x12, 0x36, 0x2e, 0x64, 0x61,
	0x70, 0x72, 0x2e, 0x70, 0x72, 0x6f, 0x74, 0x6f, 0x2e, 0x72, 0x75, 0x6e, 0x74, 0x69, 0x6d, 0x65,
	0x2e, 0x76, 0x31, 0x2e, 0x55, 0x6e, 0x73, 0x75, 0x62, 0x73, 0x63, 0x72, 0x69, 0x62, 0x65, 0x43,
	0x6f, 0x6e, 0x66, 0x69, 0x67, 0x75, 0x72, 0x61, 0x74, 0x69, 0x6f, 0x6e, 0x52, 0x65, 0x71, 0x75,
	0x65, 0x73, 0x74, 0x1a, 0x37, 0x2e, 0x64, 0x61, 0x70, 0x72, 0x2e, 0x70, 0x72, 0x6f, 0x74, 0x6f,
	0x2e, 0x72, 0x75, 0x6e, 0x74, 0x69, 0x6d, 0x65, 0x2e, 0x76, 0x31, 0x2e, 0x55, 0x6e, 0x73, 0x75,
	0x62, 0x73, 0x63, 0x72, 0x69, 0x62, 0x65, 0x43, 0x6f, 0x6e, 0x66, 0x69, 0x67, 0x75, 0x72, 0x61,
	0x74, 0x69, 0x6f, 0x6e, 0x52, 0x65, 0x73, 0x70, 0x6f, 0x6e, 0x73, 0x65, 0x22, 0x00, 0x12, 0x8d,
	0x01, 0x0a, 0x18, 0x55, 0x6e, 0x73, 0x75, 0x62, 0x73, 0x63, 0x72, 0x69, 0x62, 0x65, 0x43, 0x6f,
	0x6e, 0x66, 0x69, 0x67, 0x75, 0x72, 0x61, 0x74, 0x69, 0x6f, 0x6e, 0x12, 0x36, 0x2e, 0x64, 0x61,
	0x70, 0x72, 0x2e, 0x70, 0x72, 0x6f, 0x74, 0x6f, 0x2e, 0x72, 0x75, 0x6e, 0x74, 0x69, 0x6d, 0x65,
	0x2e, 0x76, 0x31, 0x2e, 0x55, 0x6e, 0x73, 0x75, 0x62, 0x73, 0x63, 0x72, 0x69, 0x62, 0x65, 0x43,
	0x6f, 0x6e, 0x66, 0x69, 0x67, 0x75, 0x72, 0x61, 0x74, 0x69, 0x6f, 0x6e, 0x52, 0x65, 0x71, 0x75,
	0x65, 0x73, 0x74, 0x1a, 0x37, 0x2e, 0x64, 0x61, 0x70, 0x72, 0x2e, 0x70, 0x72, 0x6f, 0x74, 0x6f,
	0x2e, 0x72, 0x75, 0x6e, 0x74, 0x69, 0x6d, 0x65, 0x2e, 0x76, 0x31, 0x2e, 0x55, 0x6e, 0x73, 0x75,
	0x62, 0x73, 0x63, 0x72, 0x69, 0x62, 0x65, 0x43, 0x6f, 0x6e, 0x66, 0x69, 0x67, 0x75, 0x72, 0x61,
	0x74, 0x69, 0x6f, 0x6e, 0x52, 0x65, 0x73, 0x70, 0x6f, 0x6e, 0x73, 0x65, 0x22, 0x00, 0x12, 0x60,
	0x0a, 0x0d, 0x54, 0x72, 0x79, 0x4c, 0x6f, 0x63, 0x6b, 0x41, 0x6c, 0x70, 0x68, 0x61, 0x31, 0x12,
	0x25, 0x2e, 0x64, 0x61, 0x70, 0x72, 0x2e, 0x70, 0x72, 0x6f, 0x74, 0x6f, 0x2e, 0x72, 0x75, 0x6e,
	0x74, 0x69, 0x6d, 0x65, 0x2e, 0x76, 0x31, 0x2e, 0x54, 0x72, 0x79, 0x4c, 0x6f, 0x63, 0x6b, 0x52,
	0x65, 0x71, 0x75, 0x65, 0x73, 0x74, 0x1a, 0x26, 0x2e, 0x64, 0x61, 0x70, 0x72, 0x2e, 0x70, 0x72,
	0x6f, 0x74, 0x6f, 0x2e, 0x72, 0x75, 0x6e, 0x74, 0x69, 0x6d, 0x65, 0x2e, 0x76, 0x31, 0x2e, 0x54,
	0x72, 0x79, 0x4c, 0x6f, 0x63, 0x6b, 0x52, 0x65, 0x73, 0x70, 0x6f, 0x6e, 0x73, 0x65, 0x22, 0x00,
	0x12, 0x5d, 0x0a, 0x0c, 0x55, 0x6e, 0x6c, 0x6f, 0x63, 0x6b, 0x41, 0x6c, 0x70, 0x68, 0x61, 0x31,
	0x12, 0x24, 0x2e, 0x64, 0x61, 0x70, 0x72, 0x2e, 0x70, 0x72, 0x6f, 0x74, 0x6f, 0x2e, 0x72, 0x75,
	0x6e, 0x74, 0x69, 0x6d, 0x65, 0x2e, 0x76, 0x31, 0x2e, 0x55, 0x6e, 0x6c, 0x6f, 0x63, 0x6b, 0x52,
	0x65, 0x71, 0x75, 0x65, 0x73, 0x74, 0x1a, 0x25, 0x2e, 0x64, 0x61, 0x70, 0x72, 0x2e, 0x70, 0x72,
	0x6f, 0x74, 0x6f, 0x2e, 0x72, 0x75, 0x6e, 0x74, 0x69, 0x6d, 0x65, 0x2e, 0x76, 0x31, 0x2e, 0x55,
	0x6e, 0x6c, 0x6f, 0x63, 0x6b, 0x52, 0x65, 0x73, 0x70, 0x6f, 0x6e, 0x73, 0x65, 0x22, 0x00, 0x12,
	0x62, 0x0a, 0x0d, 0x45, 0x6e, 0x63, 0x72, 0x79, 0x70, 0x74, 0x41, 0x6c, 0x70, 0x68, 0x61, 0x31,
	0x12, 0x25, 0x2e, 0x64, 0x61, 0x70, 0x72, 0x2e, 0x70, 0x72, 0x6f, 0x74, 0x6f, 0x2e, 0x72, 0x75,
	0x6e, 0x74, 0x69, 0x6d, 0x65, 0x2e, 0x76, 0x31, 0x2e, 0x45, 0x6e, 0x63, 0x72, 0x79, 0x70, 0x74,
	0x52, 0x65, 0x71, 0x75, 0x65, 0x73, 0x74, 0x1a, 0x26, 0x2e, 0x64, 0x61, 0x70, 0x72, 0x2e, 0x70,
	0x72, 0x6f, 0x74, 0x6f, 0x2e, 0x72, 0x75, 0x6e, 0x74, 0x69, 0x6d, 0x65, 0x2e, 0x76, 0x31, 0x2e,
	0x45, 0x6e, 0x63, 0x72, 0x79, 0x70, 0x74, 0x52, 0x65, 0x73, 0x70, 0x6f, 0x6e, 0x73, 0x65, 0x28,
	0x01, 0x30, 0x01, 0x12, 0x62, 0x0a, 0x0d, 0x44, 0x65, 0x63, 0x72, 0x79, 0x70, 0x74, 0x41, 0x6c,
	0x70, 0x68, 0x61, 0x31, 0x12, 0x25, 0x2e, 0x64, 0x61, 0x70, 0x72, 0x2e, 0x70, 0x72, 0x6f, 0x74,
	0x6f, 0x2e, 0x72, 0x75, 0x6e, 0x74, 0x69, 0x6d, 0x65, 0x2e, 0x76, 0x31, 0x2e, 0x44, 0x65, 0x63,
	0x72, 0x79, 0x70, 0x74, 0x52, 0x65, 0x71, 0x75, 0x65, 0x73, 0x74, 0x1a, 0x26, 0x2e, 0x64, 0x61,
	0x70, 0x72, 0x2e, 0x70, 0x72, 0x6f, 0x74, 0x6f, 0x2e, 0x72, 0x75, 0x6e, 0x74, 0x69, 0x6d, 0x65,
	0x2e, 0x76, 0x31, 0x2e, 0x44, 0x65, 0x63, 0x72, 0x79, 0x70, 0x74, 0x52, 0x65, 0x73, 0x70, 0x6f,
	0x6e, 0x73, 0x65, 0x28, 0x01, 0x30, 0x01, 0x12, 0x66, 0x0a, 0x0b, 0x47, 0x65, 0x74, 0x4d, 0x65,
	0x74, 0x61, 0x64, 0x61, 0x74, 0x61, 0x12, 0x29, 0x2e, 0x64, 0x61, 0x70, 0x72, 0x2e, 0x70, 0x72,
	0x6f, 0x74, 0x6f, 0x2e, 0x72, 0x75, 0x6e, 0x74, 0x69, 0x6d, 0x65, 0x2e, 0x76, 0x31, 0x2e, 0x47,
	0x65, 0x74, 0x4d, 0x65, 0x74, 0x61, 0x64, 0x61, 0x74, 0x61, 0x52, 0x65, 0x71, 0x75, 0x65, 0x73,
	0x74, 0x1a, 0x2a, 0x2e, 0x64, 0x61, 0x70, 0x72, 0x2e, 0x70, 0x72, 0x6f, 0x74, 0x6f, 0x2e, 0x72,
	0x75, 0x6e, 0x74, 0x69, 0x6d, 0x65, 0x2e, 0x76, 0x31, 0x2e, 0x47, 0x65, 0x74, 0x4d, 0x65, 0x74,
	0x61, 0x64, 0x61, 0x74, 0x61, 0x52, 0x65, 0x73, 0x70, 0x6f, 0x6e, 0x73, 0x65, 0x22, 0x00, 0x12,
	0x52, 0x0a, 0x0b, 0x53, 0x65, 0x74, 0x4d, 0x65, 0x74, 0x61, 0x64, 0x61, 0x74, 0x61, 0x12, 0x29,
	0x2e, 0x64, 0x61, 0x70, 0x72, 0x2e, 0x70, 0x72, 0x6f, 0x74, 0x6f, 0x2e, 0x72, 0x75, 0x6e, 0x74,
	0x69, 0x6d, 0x65, 0x2e, 0x76, 0x31, 0x2e, 0x53, 0x65, 0x74, 0x4d, 0x65, 0x74, 0x61, 0x64, 0x61,
	0x74, 0x61, 0x52, 0x65, 0x71, 0x75, 0x65, 0x73, 0x74, 0x1a, 0x16, 0x2e, 0x67, 0x6f, 0x6f, 0x67,
	0x6c, 0x65, 0x2e, 0x70, 0x72, 0x6f, 0x74, 0x6f, 0x62, 0x75, 0x66, 0x2e, 0x45, 0x6d, 0x70, 0x74,
	0x79, 0x22, 0x00, 0x12, 0x6d, 0x0a, 0x12, 0x53, 0x75, 0x62, 0x74, 0x6c, 0x65, 0x47, 0x65, 0x74,
	0x4b, 0x65, 0x79, 0x41, 0x6c, 0x70, 0x68, 0x61, 0x31, 0x12, 0x2a, 0x2e, 0x64, 0x61, 0x70, 0x72,
	0x2e, 0x70, 0x72, 0x6f, 0x74, 0x6f, 0x2e, 0x72, 0x75, 0x6e, 0x74, 0x69, 0x6d, 0x65, 0x2e, 0x76,
	0x31, 0x2e, 0x53, 0x75, 0x62, 0x74, 0x6c, 0x65, 0x47, 0x65, 0x74, 0x4b, 0x65, 0x79, 0x52, 0x65,
	0x71, 0x75, 0x65, 0x73, 0x74, 0x1a, 0x2b, 0x2e, 0x64, 0x61, 0x70, 0x72, 0x2e, 0x70, 0x72, 0x6f,
	0x74, 0x6f, 0x2e, 0x72, 0x75, 0x6e, 0x74, 0x69, 0x6d, 0x65, 0x2e, 0x76, 0x31, 0x2e, 0x53, 0x75,
	0x62, 0x74, 0x6c, 0x65, 0x47, 0x65, 0x74, 0x4b, 0x65, 0x79, 0x52, 0x65, 0x73, 0x70, 0x6f, 0x6e,
	0x73, 0x65, 0x12, 0x70, 0x0a, 0x13, 0x53, 0x75, 0x62, 0x74, 0x6c, 0x65, 0x45, 0x6e, 0x63, 0x72,
	0x79, 0x70, 0x74, 0x41, 0x6c, 0x70, 0x68, 0x61, 0x31, 0x12, 0x2b, 0x2e, 0x64, 0x61, 0x70, 0x72,
	0x2e, 0x70, 0x72, 0x6f, 0x74, 0x6f, 0x2e, 0x72, 0x75, 0x6e, 0x74, 0x69, 0x6d, 0x65, 0x2e, 0x76,
	0x31, 0x2e, 0x53, 0x75, 0x62, 0x74, 0x6c, 0x65, 0x45, 0x6e, 0x63, 0x72, 0x79, 0x70, 0x74, 0x52,
	0x65, 0x71, 0x75, 0x65, 0x73, 0x74, 0x1a, 0x2c, 0x2e, 0x64, 0x61, 0x70, 0x72, 0x2e, 0x70, 0x72,
	0x6f, 0x74, 0x6f, 0x2e, 0x72, 0x75, 0x6e, 0x74, 0x69, 0x6d, 0x65, 0x2e, 0x76, 0x31, 0x2e, 0x53,
	0x75, 0x62, 0x74, 0x6c, 0x65, 0x45, 0x6e, 0x63, 0x72, 0x79, 0x70, 0x74, 0x52, 0x65, 0x73, 0x70,
	0x6f, 0x6e, 0x73, 0x65, 0x12, 0x70, 0x0a, 0x13, 0x53, 0x75, 0x62, 0x74, 0x6c, 0x65, 0x44, 0x65,
	0x63, 0x72, 0x79, 0x70, 0x74, 0x41, 0x6c, 0x70, 0x68, 0x61, 0x31, 0x12, 0x2b, 0x2e, 0x64, 0x61,
	0x70, 0x72, 0x2e, 0x70, 0x72, 0x6f, 0x74, 0x6f, 0x2e, 0x72, 0x75, 0x6e, 0x74, 0x69, 0x6d, 0x65,
	0x2e, 0x76, 0x31, 0x2e, 0x53, 0x75, 0x62, 0x74, 0x6c, 0x65, 0x44, 0x65, 0x63, 0x72, 0x79, 0x70,
	0x74, 0x52, 0x65, 0x71, 0x75, 0x65, 0x73, 0x74, 0x1a, 0x2c, 0x2e, 0x64, 0x61, 0x70, 0x72, 0x2e,
	0x70, 0x72, 0x6f, 0x74, 0x6f, 0x2e, 0x72, 0x75, 0x6e, 0x74, 0x69, 0x6d, 0x65, 0x2e, 0x76, 0x31,
	0x2e, 0x53, 0x75, 0x62, 0x74, 0x6c, 0x65, 0x44, 0x65, 0x63, 0x72, 0x79, 0x70, 0x74, 0x52, 0x65,
	0x73, 0x70, 0x6f, 0x6e, 0x73, 0x65, 0x12, 0x70, 0x0a, 0x13, 0x53, 0x75, 0x62, 0x74, 0x6c, 0x65,
	0x57, 0x72, 0x61, 0x70, 0x4b, 0x65, 0x79, 0x41, 0x6c, 0x70, 0x68, 0x61, 0x31, 0x12, 0x2b, 0x2e,
	0x64, 0x61, 0x70, 0x72, 0x2e, 0x70, 0x72, 0x6f, 0x74, 0x6f, 0x2e, 0x72, 0x75, 0x6e, 0x74, 0x69,
	0x6d, 0x65, 0x2e, 0x76, 0x31, 0x2e, 0x53, 0x75, 0x62, 0x74, 0x6c, 0x65, 0x57, 0x72, 0x61, 0x70,
	0x4b, 0x65, 0x79, 0x52, 0x65, 0x71, 0x75, 0x65, 0x73, 0x74, 0x1a, 0x2c, 0x2e, 0x64, 0x61, 0x70,
	0x72, 0x2e, 0x70, 0x72, 0x6f, 0x74, 0x6f, 0x2e, 0x72, 0x75, 0x6e, 0x74, 0x69, 0x6d, 0x65, 0x2e,
	0x76, 0x31, 0x2e, 0x53, 0x75, 0x62, 0x74, 0x6c, 0x65, 0x57, 0x72, 0x61, 0x70, 0x4b, 0x65, 0x79,
	0x52, 0x65, 0x73, 0x70, 0x6f, 0x6e, 0x73, 0x65, 0x12, 0x76, 0x0a, 0x15, 0x53, 0x75, 0x62, 0x74,
	0x6c, 0x65, 0x55, 0x6e, 0x77, 0x72, 0x61, 0x70, 0x4b, 0x65, 0x79, 0x41, 0x6c, 0x70, 0x68, 0x61,
	0x31, 0x12, 0x2d, 0x2e, 0x64, 0x61, 0x70, 0x72, 0x2e, 0x70, 0x72, 0x6f, 0x74, 0x6f, 0x2e, 0x72,
	0x75, 0x6e, 0x74, 0x69, 0x6d, 0x65, 0x2e, 0x76, 0x31, 0x2e, 0x53, 0x75, 0x62, 0x74, 0x6c, 0x65,
	0x55, 0x6e, 0x77, 0x72, 0x61, 0x70, 0x4b, 0x65, 0x79, 0x52, 0x65, 0x71, 0x75, 0x65, 0x73, 0x74,
	0x1a, 0x2e, 0x2e, 0x64, 0x61, 0x70, 0x72, 0x2e, 0x70, 0x72, 0x6f, 0x74, 0x6f, 0x2e, 0x72, 0x75,
	0x6e, 0x74, 0x69, 0x6d, 0x65, 0x2e, 0x76, 0x31, 0x2e, 0x53, 0x75, 0x62, 0x74, 0x6c, 0x65, 0x55,
	0x6e, 0x77, 0x72, 0x61, 0x70, 0x4b, 0x65, 0x79, 0x52, 0x65, 0x73, 0x70, 0x6f, 0x6e, 0x73, 0x65,
	0x12, 0x67, 0x0a, 0x10, 0x53, 0x75, 0x62, 0x74, 0x6c, 0x65, 0x53, 0x69, 0x67, 0x6e, 0x41, 0x6c,
	0x70, 0x68, 0x61, 0x31, 0x12, 0x28, 0x2e, 0x64, 0x61, 0x70, 0x72, 0x2e, 0x70, 0x72, 0x6f, 0x74,
	0x6f, 0x2e, 0x72, 0x75, 0x6e, 0x74, 0x69, 0x6d, 0x65, 0x2e, 0x76, 0x31, 0x2e, 0x53, 0x75, 0x62,
	0x74, 0x6c, 0x65, 0x53, 0x69, 0x67, 0x6e, 0x52, 0x65, 0x71, 0x75, 0x65, 0x73, 0x74, 0x1a, 0x29,
	0x2e, 0x64, 0x61, 0x70, 0x72, 0x2e, 0x70, 0x72, 0x6f, 0x74, 0x6f, 0x2e, 0x72, 0x75, 0x6e, 0x74,
	0x69, 0x6d, 0x65, 0x2e, 0x76, 0x31, 0x2e, 0x53, 0x75, 0x62, 0x74, 0x6c, 0x65, 0x53, 0x69, 0x67,
	0x6e, 0x52, 0x65, 0x73, 0x70, 0x6f, 0x6e, 0x73, 0x65, 0x12, 0x6d, 0x0a, 0x12, 0x53, 0x75, 0x62,
	0x74, 0x6c, 0x65, 0x56, 0x65, 0x72, 0x69, 0x66, 0x79, 0x41, 0x6c, 0x70, 0x68, 0x61, 0x31, 0x12,
	0x2a, 0x2e, 0x64, 0x61, 0x70, 0x72, 0x2e, 0x70, 0x72, 0x6f, 0x74, 0x6f, 0x2e, 0x72, 0x75, 0x6e,
	0x74, 0x69, 0x6d, 0x65, 0x2e, 0x76, 0x31, 0x2e, 0x53, 0x75, 0x62, 0x74, 0x6c, 0x65, 0x56, 0x65,
	0x72, 0x69, 0x66, 0x79, 0x52, 0x65, 0x71, 0x75, 0x65, 0x73, 0x74, 0x1a, 0x2b, 0x2e, 0x64, 0x61,
	0x70, 0x72, 0x2e, 0x70, 0x72, 0x6f, 0x74, 0x6f, 0x2e, 0x72, 0x75, 0x6e, 0x74, 0x69, 0x6d, 0x65,
	0x2e, 0x76, 0x31, 0x2e, 0x53, 0x75, 0x62, 0x74, 0x6c, 0x65, 0x56, 0x65, 0x72, 0x69, 0x66, 0x79,
	0x52, 0x65, 0x73, 0x70, 0x6f, 0x6e, 0x73, 0x65, 0x12, 0x75, 0x0a, 0x13, 0x53, 0x74, 0x61, 0x72,
	0x74, 0x57, 0x6f, 0x72, 0x6b, 0x66, 0x6c, 0x6f, 0x77, 0x41, 0x6c, 0x70, 0x68, 0x61, 0x31, 0x12,
	0x2b, 0x2e, 0x64, 0x61, 0x70, 0x72, 0x2e, 0x70, 0x72, 0x6f, 0x74, 0x6f, 0x2e, 0x72, 0x75, 0x6e,
	0x74, 0x69, 0x6d, 0x65, 0x2e, 0x76, 0x31, 0x2e, 0x53, 0x74, 0x61, 0x72, 0x74, 0x57, 0x6f, 0x72,
	0x6b, 0x66, 0x6c, 0x6f, 0x77, 0x52, 0x65, 0x71, 0x75, 0x65, 0x73, 0x74, 0x1a, 0x2c, 0x2e, 0x64,
	0x61, 0x70, 0x72, 0x2e, 0x70, 0x72, 0x6f, 0x74, 0x6f, 0x2e, 0x72, 0x75, 0x6e, 0x74, 0x69, 0x6d,
	0x65, 0x2e, 0x76, 0x31, 0x2e, 0x53, 0x74, 0x61, 0x72, 0x74, 0x57, 0x6f, 0x72, 0x6b, 0x66, 0x6c,
	0x6f, 0x77, 0x52, 0x65, 0x73, 0x70, 0x6f, 0x6e, 0x73, 0x65, 0x22, 0x03, 0x88, 0x02, 0x01, 0x12,
	0x6f, 0x0a, 0x11, 0x47, 0x65, 0x74, 0x57, 0x6f, 0x72, 0x6b, 0x66, 0x6c, 0x6f, 0x77, 0x41, 0x6c,
	0x70, 0x68, 0x61, 0x31, 0x12, 0x29, 0x2e, 0x64, 0x61, 0x70, 0x72, 0x2e, 0x70, 0x72, 0x6f, 0x74,
	0x6f, 0x2e, 0x72, 0x75, 0x6e, 0x74, 0x69, 0x6d, 0x65, 0x2e, 0x76, 0x31, 0x2e, 0x47, 0x65, 0x74,
	0x57, 0x6f, 0x72, 0x6b, 0x66, 0x6c, 0x6f, 0x77, 0x52, 0x65, 0x71, 0x75, 0x65, 0x73, 0x74, 0x1a,
	0x2a, 0x2e, 0x64, 0x61, 0x70, 0x72, 0x2e, 0x70, 0x72, 0x6f, 0x74, 0x6f, 0x2e, 0x72, 0x75, 0x6e,
	0x74, 0x69, 0x6d, 0x65, 0x2e, 0x76, 0x31, 0x2e, 0x47, 0x65, 0x74, 0x57, 0x6f, 0x72, 0x6b, 0x66,
	0x6c, 0x6f, 0x77, 0x52, 0x65, 0x73, 0x70, 0x6f, 0x6e, 0x73, 0x65, 0x22, 0x03, 0x88, 0x02, 0x01,
	0x12, 0x5f, 0x0a, 0x13, 0x50, 0x75, 0x72, 0x67, 0x65, 0x57, 0x6f, 0x72, 0x6b, 0x66, 0x6c, 0x6f,
	0x77, 0x41, 0x6c, 0x70, 0x68, 0x61, 0x31, 0x12, 0x2b, 0x2e, 0x64, 0x61, 0x70, 0x72, 0x2e, 0x70,
	0x72, 0x6f, 0x74, 0x6f, 0x2e, 0x72, 0x75, 0x6e, 0x74, 0x69, 0x6d, 0x65, 0x2e, 0x76, 0x31, 0x2e,
	0x50, 0x75, 0x72, 0x67, 0x65, 0x57, 0x6f, 0x72, 0x6b, 0x66, 0x6c, 0x6f, 0x77, 0x52, 0x65, 0x71,
	0x75, 0x65, 0x73, 0x74, 0x1a, 0x16, 0x2e, 0x67, 0x6f, 0x6f, 0x67, 0x6c, 0x65, 0x2e, 0x70, 0x72,
	0x6f, 0x74, 0x6f, 0x62, 0x75, 0x66, 0x2e, 0x45, 0x6d, 0x70, 0x74, 0x79, 0x22, 0x03, 0x88, 0x02,
	0x01, 0x12, 0x67, 0x0a, 0x17, 0x54, 0x65, 0x72, 0x6d, 0x69, 0x6e, 0x61, 0x74, 0x65, 0x57, 0x6f,
	0x72, 0x6b, 0x66, 0x6c, 0x6f, 0x77, 0x41, 0x6c, 0x70, 0x68, 0x61, 0x31, 0x12, 0x2f, 0x2e, 0x64,
	0x61, 0x70, 0x72, 0x2e, 0x70, 0x72, 0x6f, 0x74, 0x6f, 0x2e, 0x72, 0x75, 0x6e, 0x74, 0x69, 0x6d,
	0x65, 0x2e, 0x76, 0x31, 0x2e, 0x54, 0x65, 0x72, 0x6d, 0x69, 0x6e, 0x61, 0x74, 0x65, 0x57, 0x6f,
	0x72, 0x6b, 0x66, 0x6c, 0x6f, 0x77, 0x52, 0x65, 0x71, 0x75, 0x65, 0x73, 0x74, 0x1a, 0x16, 0x2e,
	0x67, 0x6f, 0x6f, 0x67, 0x6c, 0x65, 0x2e, 0x70, 0x72, 0x6f, 0x74, 0x6f, 0x62, 0x75, 0x66, 0x2e,
	0x45, 0x6d, 0x70, 0x74, 0x79, 0x22, 0x03, 0x88, 0x02, 0x01, 0x12, 0x5f, 0x0a, 0x13, 0x50, 0x61,
	0x75, 0x73, 0x65, 0x57, 0x6f, 0x72, 0x6b, 0x66, 0x6c, 0x6f, 0x77, 0x41, 0x6c, 0x70, 0x68, 0x61,
	0x31, 0x12, 0x2b, 0x2e, 0x64, 0x61, 0x70, 0x72, 0x2e, 0x70, 0x72, 0x6f, 0x74, 0x6f, 0x2e, 0x72,
	0x75, 0x6e, 0x74, 0x69, 0x6d, 0x65, 0x2e, 0x76, 0x31, 0x2e, 0x50, 0x61, 0x75, 0x73, 0x65, 0x57,
	0x6f, 0x72, 0x6b, 0x66, 0x6c, 0x6f, 0x77, 0x52, 0x65, 0x71, 0x75, 0x65, 0x73, 0x74, 0x1a, 0x16,
	0x2e, 0x67, 0x6f, 0x6f, 0x67, 0x6c, 0x65, 0x2e, 0x70, 0x72, 0x6f, 0x74, 0x6f, 0x62, 0x75, 0x66,
	0x2e, 0x45, 0x6d, 0x70, 0x74, 0x79, 0x22, 0x03, 0x88, 0x02, 0x01, 0x12, 0x61, 0x0a, 0x14, 0x52,
	0x65, 0x73, 0x75, 0x6d, 0x65, 0x57, 0x6f, 0x72, 0x6b, 0x66, 0x6c, 0x6f, 0x77, 0x41, 0x6c, 0x70,
	0x68, 0x61, 0x31, 0x12, 0x2c, 0x2e, 0x64, 0x61, 0x70, 0x72, 0x2e, 0x70, 0x72, 0x6f, 0x74, 0x6f,
	0x2e, 0x72, 0x75, 0x6e, 0x74, 0x69, 0x6d, 0x65, 0x2e, 0x76, 0x31, 0x2e, 0x52, 0x65, 0x73, 0x75,
	0x6d, 0x65, 0x57, 0x6f, 0x72, 0x6b, 0x66, 0x6c, 0x6f, 0x77, 0x52, 0x65, 0x71, 0x75, 0x65, 0x73,
	0x74, 0x1a, 0x16, 0x2e, 0x67, 0x6f, 0x6f, 0x67, 0x6c, 0x65, 0x2e, 0x70, 0x72, 0x6f, 0x74, 0x6f,
	0x62, 0x75, 0x66, 0x2e, 0x45, 0x6d, 0x70, 0x74, 0x79, 0x22, 0x03, 0x88, 0x02, 0x01, 0x12, 0x69,
	0x0a, 0x18, 0x52, 0x61, 0x69, 0x73, 0x65, 0x45, 0x76, 0x65, 0x6e, 0x74, 0x57, 0x6f, 0x72, 0x6b,
	0x66, 0x6c, 0x6f, 0x77, 0x41, 0x6c, 0x70, 0x68, 0x61, 0x31, 0x12, 0x30, 0x2e, 0x64, 0x61, 0x70,
	0x72, 0x2e, 0x70, 0x72, 0x6f, 0x74, 0x6f, 0x2e, 0x72, 0x75, 0x6e, 0x74, 0x69, 0x6d, 0x65, 0x2e,
	0x76, 0x31, 0x2e, 0x52, 0x61, 0x69, 0x73, 0x65, 0x45, 0x76, 0x65, 0x6e, 0x74, 0x57, 0x6f, 0x72,
	0x6b, 0x66, 0x6c, 0x6f, 0x77, 0x52, 0x65, 0x71, 0x75, 0x65, 0x73, 0x74, 0x1a, 0x16, 0x2e, 0x67,
	0x6f, 0x6f, 0x67, 0x6c, 0x65, 0x2e, 0x70, 0x72, 0x6f, 0x74, 0x6f, 0x62, 0x75, 0x66, 0x2e, 0x45,
	0x6d, 0x70, 0x74, 0x79, 0x22, 0x03, 0x88, 0x02, 0x01, 0x12, 0x71, 0x0a, 0x12, 0x53, 0x74, 0x61,
	0x72, 0x74, 0x57, 0x6f, 0x72, 0x6b, 0x66, 0x6c, 0x6f, 0x77, 0x42, 0x65, 0x74, 0x61, 0x31, 0x12,
	0x2b, 0x2e, 0x64, 0x61, 0x70, 0x72, 0x2e, 0x70, 0x72, 0x6f, 0x74, 0x6f, 0x2e, 0x72, 0x75, 0x6e,
	0x74, 0x69, 0x6d, 0x65, 0x2e, 0x76, 0x31, 0x2e, 0x53, 0x74, 0x61, 0x72, 0x74, 0x57, 0x6f, 0x72,
	0x6b, 0x66, 0x6c, 0x6f, 0x77, 0x52, 0x65, 0x71, 0x75, 0x65, 0x73, 0x74, 0x1a, 0x2c, 0x2e, 0x64,
	0x61, 0x70, 0x72, 0x2e, 0x70, 0x72, 0x6f, 0x74, 0x6f, 0x2e, 0x72, 0x75, 0x6e, 0x74, 0x69, 0x6d,
	0x65, 0x2e, 0x76, 0x31, 0x2e, 0x53, 0x74, 0x61, 0x72, 0x74, 0x57, 0x6f, 0x72, 0x6b, 0x66, 0x6c,
	0x6f, 0x77, 0x52, 0x65, 0x73, 0x70, 0x6f, 0x6e, 0x73, 0x65, 0x22, 0x00, 0x12, 0x6b, 0x0a, 0x10,
	0x47, 0x65, 0x74, 0x57, 0x6f, 0x72, 0x6b, 0x66, 0x6c, 0x6f, 0x77, 0x42, 0x65, 0x74, 0x61, 0x31,
	0x12, 0x29, 0x2e, 0x64, 0x61, 0x70, 0x72, 0x2e, 0x70, 0x72, 0x6f, 0x74, 0x6f, 0x2e, 0x72, 0x75,
	0x6e, 0x74, 0x69, 0x6d, 0x65, 0x2e, 0x76, 0x31, 0x2e, 0x47, 0x65, 0x74, 0x57, 0x6f, 0x72, 0x6b,
	0x66, 0x6c, 0x6f, 0x77, 0x52, 0x65, 0x71, 0x75, 0x65, 0x73, 0x74, 0x1a, 0x2a, 0x2e, 0x64, 0x61,
	0x70, 0x72, 0x2e, 0x70, 0x72, 0x6f, 0x74, 0x6f, 0x2e, 0x72, 0x75, 0x6e, 0x74, 0x69, 0x6d, 0x65,
	0x2e, 0x76, 0x31, 0x2e, 0x47, 0x65, 0x74, 0x57, 0x6f, 0x72, 0x6b, 0x66, 0x6c, 0x6f, 0x77, 0x52,
	0x65, 0x73, 0x70, 0x6f, 0x6e, 0x73, 0x65, 0x22, 0x00, 0x12, 0x5b, 0x0a, 0x12, 0x50, 0x75, 0x72,
	0x67, 0x65, 0x57, 0x6f, 0x72, 0x6b, 0x66, 0x6c, 0x6f, 0x77, 0x42, 0x65, 0x74, 0x61, 0x31, 0x12,
	0x2b, 0x2e, 0x64, 0x61, 0x70, 0x72, 0x2e, 0x70, 0x72, 0x6f, 0x74, 0x6f, 0x2e, 0x72, 0x75, 0x6e,
	0x74, 0x69, 0x6d, 0x65, 0x2e, 0x76, 0x31, 0x2e, 0x50, 0x75, 0x72, 0x67, 0x65, 0x57, 0x6f, 0x72,
	0x6b, 0x66, 0x6c, 0x6f, 0x77, 0x52, 0x65, 0x71, 0x75, 0x65, 0x73, 0x74, 0x1a, 0x16, 0x2e, 0x67,
	0x6f, 0x6f, 0x67, 0x6c, 0x65, 0x2e, 0x70, 0x72, 0x6f, 0x74, 0x6f, 0x62, 0x75, 0x66, 0x2e, 0x45,
	0x6d, 0x70, 0x74, 0x79, 0x22, 0x00, 0x12, 0x63, 0x0a, 0x16, 0x54, 0x65, 0x72, 0x6d, 0x69, 0x6e,
	0x61, 0x74, 0x65, 0x57, 0x6f, 0x72, 0x6b, 0x66, 0x6c, 0x6f, 0x77, 0x42, 0x65, 0x74, 0x61, 0x31,
	0x12, 0x2f, 0x2e, 0x64, 0x61, 0x70, 0x72, 0x2e, 0x70, 0x72, 0x6f, 0x74, 0x6f, 0x2e, 0x72, 0x75,
	0x6e, 0x74, 0x69, 0x6d, 0x65, 0x2e, 0x76, 0x31, 0x2e, 0x54, 0x65, 0x72, 0x6d, 0x69, 0x6e, 0x61,
	0x74, 0x65, 0x57, 0x6f, 0x72, 0x6b, 0x66, 0x6c, 0x6f, 0x77, 0x52, 0x65, 0x71, 0x75, 0x65, 0x73,
	0x74, 0x1a, 0x16, 0x2e, 0x67, 0x6f, 0x6f, 0x67, 0x6c, 0x65, 0x2e, 0x70, 0x72, 0x6f, 0x74, 0x6f,
	0x62, 0x75, 0x66, 0x2e, 0x45, 0x6d, 0x70, 0x74, 0x79, 0x22, 0x00, 0x12, 0x5b, 0x0a, 0x12, 0x50,
	0x61, 0x75, 0x73, 0x65, 0x57, 0x6f, 0x72, 0x6b, 0x66, 0x6c, 0x6f, 0x77, 0x42, 0x65, 0x74, 0x61,
	0x31, 0x12, 0x2b, 0x2e, 0x64, 0x61, 0x70, 0x72, 0x2e, 0x70, 0x72, 0x6f, 0x74, 0x6f, 0x2e, 0x72,
	0x75, 0x6e, 0x74, 0x69, 0x6d, 0x65, 0x2e, 0x76, 0x31, 0x2e, 0x50, 0x61, 0x75, 0x73, 0x65, 0x57,
	0x6f, 0x72, 0x6b, 0x66, 0x6c, 0x6f, 0x77, 0x52, 0x65, 0x71, 0x75, 0x65, 0x73, 0x74, 0x1a, 0x16,
	0x2e, 0x67, 0x6f, 0x6f, 0x67, 0x6c, 0x65, 0x2e, 0x70, 0x72, 0x6f, 0x74, 0x6f, 0x62, 0x75, 0x66,
	0x2e, 0x45, 0x6d, 0x70, 0x74, 0x79, 0x22, 0x00, 0x12, 0x5d, 0x0a, 0x13, 0x52, 0x65, 0x73, 0x75,
	0x6d, 0x65, 0x57, 0x6f, 0x72, 0x6b, 0x66, 0x6c, 0x6f, 0x77, 0x42, 0x65, 0x74, 0x61, 0x31, 0x12,
	0x2c, 0x2e, 0x64, 0x61, 0x70, 0x72, 0x2e, 0x70, 0x72, 0x6f, 0x74, 0x6f, 0x2e, 0x72, 0x75, 0x6e,
	0x74, 0x69, 0x6d, 0x65, 0x2e, 0x76, 0x31, 0x2e, 0x52, 0x65, 0x73, 0x75, 0x6d, 0x65, 0x57, 0x6f,
	0x72, 0x6b, 0x66, 0x6c, 0x6f, 0x77, 0x52, 0x65, 0x71, 0x75, 0x65, 0x73, 0x74, 0x1a, 0x16, 0x2e,
	0x67, 0x6f, 0x6f, 0x67, 0x6c, 0x65, 0x2e, 0x70, 0x72, 0x6f, 0x74, 0x6f, 0x62, 0x75, 0x66, 0x2e,
	0x45, 0x6d, 0x70, 0x74, 0x79, 0x22, 0x00, 0x12, 0x65, 0x0a, 0x17, 0x52, 0x61, 0x69, 0x73, 0x65,
	0x45, 0x76, 0x65, 0x6e, 0x74, 0x57, 0x6f, 0x72, 0x6b, 0x66, 0x6c, 0x6f, 0x77, 0x42, 0x65, 0x74,
	0x61, 0x31, 0x12, 0x30, 0x2e, 0x64, 0x61, 0x70, 0x72, 0x2e, 0x70, 0x72, 0x6f, 0x74, 0x6f, 0x2e,
	0x72, 0x75, 0x6e, 0x74, 0x69, 0x6d, 0x65, 0x2e, 0x76, 0x31, 0x2e, 0x52, 0x61, 0x69, 0x73, 0x65,
	0x45, 0x76, 0x65, 0x6e, 0x74, 0x57, 0x6f, 0x72, 0x6b, 0x66, 0x6c, 0x6f, 0x77, 0x52, 0x65, 0x71,
	0x75, 0x65, 0x73, 0x74, 0x1a, 0x16, 0x2e, 0x67, 0x6f, 0x6f, 0x67, 0x6c, 0x65, 0x2e, 0x70, 0x72,
	0x6f, 0x74, 0x6f, 0x62, 0x75, 0x66, 0x2e, 0x45, 0x6d, 0x70, 0x74, 0x79, 0x22, 0x00, 0x12, 0x4c,
	0x0a, 0x08, 0x53, 0x68, 0x75, 0x74, 0x64, 0x6f, 0x77, 0x6e, 0x12, 0x26, 0x2e, 0x64, 0x61, 0x70,
	0x72, 0x2e, 0x70, 0x72, 0x6f, 0x74, 0x6f, 0x2e, 0x72, 0x75, 0x6e, 0x74, 0x69, 0x6d, 0x65, 0x2e,
	0x76, 0x31, 0x2e, 0x53, 0x68, 0x75, 0x74, 0x64, 0x6f, 0x77, 0x6e, 0x52, 0x65, 0x71, 0x75, 0x65,
	0x73, 0x74, 0x1a, 0x16, 0x2e, 0x67, 0x6f, 0x6f, 0x67, 0x6c, 0x65, 0x2e, 0x70, 0x72, 0x6f, 0x74,
	0x6f, 0x62, 0x75, 0x66, 0x2e, 0x45, 0x6d, 0x70, 0x74, 0x79, 0x22, 0x00, 0x12, 0x6f, 0x0a, 0x11,
	0x53, 0x63, 0x68, 0x65, 0x64, 0x75, 0x6c, 0x65, 0x4a, 0x6f, 0x62, 0x41, 0x6c, 0x70, 0x68, 0x61,
	0x31, 0x12, 0x29, 0x2e, 0x64, 0x61, 0x70, 0x72, 0x2e, 0x70, 0x72, 0x6f, 0x74, 0x6f, 0x2e, 0x72,
	0x75, 0x6e, 0x74, 0x69, 0x6d, 0x65, 0x2e, 0x76, 0x31, 0x2e, 0x53, 0x63, 0x68, 0x65, 0x64, 0x75,
	0x6c, 0x65, 0x4a, 0x6f, 0x62, 0x52, 0x65, 0x71, 0x75, 0x65, 0x73, 0x74, 0x1a, 0x2a, 0x2e, 0x64,
	0x61, 0x70, 0x72, 0x2e, 0x70, 0x72, 0x6f, 0x74, 0x6f, 0x2e, 0x72, 0x75, 0x6e, 0x74, 0x69, 0x6d,
	0x65, 0x2e, 0x76, 0x31, 0x2e, 0x53, 0x63, 0x68, 0x65, 0x64, 0x75, 0x6c, 0x65, 0x4a, 0x6f, 0x62,
	0x52, 0x65, 0x73, 0x70, 0x6f, 0x6e, 0x73, 0x65, 0x22, 0x03, 0x88, 0x02, 0x01, 0x12, 0x66, 0x0a,
	0x0b, 0x53, 0x63, 0x68, 0x65, 0x64, 0x75, 0x6c, 0x65, 0x4a, 0x6f, 0x62, 0x12, 0x29, 0x2e, 0x64,
	0x61, 0x70, 0x72, 0x2e, 0x70, 0x72, 0x6f, 0x74, 0x6f, 0x2e, 0x72, 0x75, 0x6e, 0x74, 0x69, 0x6d,
	0x65, 0x2e, 0x76, 0x31, 0x2e, 0x53, 0x63, 0x68, 0x65, 0x64, 0x75, 0x6c, 0x65, 0x4a, 0x6f, 0x62,
	0x52, 0x65, 0x71, 0x75, 0x65, 0x73, 0x74, 0x1a, 0x2a, 0x2e, 0x64, 0x61, 0x70, 0x72, 0x2e, 0x70,
	0x72, 0x6f, 0x74, 0x6f, 0x2e, 0x72, 0x75, 0x6e, 0x74, 0x69, 0x6d, 0x65, 0x2e, 0x76, 0x31, 0x2e,
	0x53, 0x63, 0x68, 0x65, 0x64, 0x75, 0x6c, 0x65, 0x4a, 0x6f, 0x62, 0x52, 0x65, 0x73, 0x70, 0x6f,
	0x6e, 0x73, 0x65, 0x22, 0x00, 0x12, 0x60, 0x0a, 0x0c, 0x47, 0x65, 0x74, 0x4a, 0x6f, 0x62, 0x41,
	0x6c, 0x70, 0x68, 0x61, 0x31, 0x12, 0x24, 0x2e, 0x64, 0x61, 0x70, 0x72, 0x2e, 0x70, 0x72, 0x6f,
	0x74, 0x6f, 0x2e, 0x72, 0x75, 0x6e, 0x74, 0x69, 0x6d, 0x65, 0x2e, 0x76, 0x31, 0x2e, 0x47, 0x65,
	0x74, 0x4a, 0x6f, 0x62, 0x52, 0x65, 0x71, 0x75, 0x65, 0x73, 0x74, 0x1a, 0x25, 0x2e, 0x64, 0x61,
	0x70, 0x72, 0x2e, 0x70, 0x72, 0x6f, 0x74, 0x6f, 0x2e, 0x72, 0x75, 0x6e, 0x74, 0x69, 0x6d, 0x65,
	0x2e, 0x76, 0x31, 0x2e, 0x47, 0x65, 0x74, 0x4a, 0x6f, 0x62, 0x52, 0x65, 0x73, 0x70, 0x6f, 0x6e,
	0x73, 0x65, 0x22, 0x03, 0x88, 0x02, 0x01, 0x12, 0x57, 0x0a, 0x06, 0x47, 0x65, 0x74, 0x4a, 0x6f,
	0x62, 0x12, 0x24, 0x2e, 0x64, 0x61, 0x70, 0x72, 0x2e, 0x70, 0x72, 0x6f, 0x74, 0x6f, 0x2e, 0x72,
	0x75, 0x6e, 0x74, 0x69, 0x6d, 0x65, 0x2e, 0x76, 0x31, 0x2e, 0x47, 0x65, 0x74, 0x4a, 0x6f, 0x62,
	0x52, 0x65, 0x71, 0x75, 0x65, 0x73, 0x74, 0x1a, 0x25, 0x2e, 0x64, 0x61, 0x70, 0x72, 0x2e, 0x70,
	0x72, 0x6f, 0x74, 0x6f, 0x2e, 0x72, 0x75, 0x6e, 0x74, 0x69, 0x6d, 0x65, 0x2e, 0x76, 0x31, 0x2e,
	0x47, 0x65, 0x74, 0x4a, 0x6f, 0x62, 0x52, 0x65, 0x73, 0x70, 0x6f, 0x6e, 0x73, 0x65, 0x22, 0x00,
	0x12, 0x69, 0x0a, 0x0f, 0x44, 0x65, 0x6c, 0x65, 0x74, 0x65, 0x4a, 0x6f, 0x62, 0x41, 0x6c, 0x70,
	0x68, 0x61, 0x31, 0x12, 0x27, 0x2e, 0x64, 0x61, 0x70, 0x72, 0x2e, 0x70, 0x72, 0x6f, 0x74, 0x6f,
	0x2e, 0x72, 0x75, 0x6e, 0x74, 0x69, 0x6d, 0x65, 0x2e, 0x76, 0x31, 0x2e, 0x44, 0x65, 0x6c, 0x65,
	0x74, 0x65, 0x4a, 0x6f, 0x62, 0x52, 0x65, 0x71, 0x75, 0x65, 0x73, 0x74, 0x1a, 0x28, 0x2e, 0x64,
	0x61, 0x70, 0x72, 0x2e, 0x70, 0x72, 0x6f, 0x74, 0x6f, 0x2e, 0x72, 0x75, 0x6e, 0x74, 0x69, 0x6d,
	0x65, 0x2e, 0x76, 0x31, 0x2e, 0x44, 0x65, 0x6c, 0x65, 0x74, 0x65, 0x4a, 0x6f, 0x62, 0x52, 0x65,
	0x73, 0x70, 0x6f, 0x6e, 0x73, 0x65, 0x22, 0x03, 0x88, 0x02, 0x01, 0x12, 0x60, 0x0a, 0x09, 0x44,
	0x65, 0x6c, 0x65, 0x74, 0x65, 0x4a, 0x6f, 0x62, 0x12, 0x27, 0x2e, 0x64, 0x61, 0x70, 0x72, 0x2e,
	0x70, 0x72, 0x6f, 0x74, 0x6f, 0x2e, 0x72, 0x75, 0x6e, 0x74, 0x69, 0x6d, 0x65, 0x2e, 0x76, 0x31,
	0x2e, 0x44, 0x65, 0x6c, 0x65, 0x74, 0x65, 0x4a, 0x6f, 0x62, 0x52, 0x65, 0x71, 0x75, 0x65, 0x73,
	0x74, 0x1a, 0x28, 0x2e, 0x64, 0x61, 0x70, 0x72, 0x2e, 0x70, 0x72, 0x6f, 0x74, 0x6f, 0x2e, 0x72,
	0x75, 0x6e, 0x74, 0x69, 0x6d, 0x65, 0x2e, 0x76, 0x31, 0x2e, 0x44, 0x65, 0x6c, 0x65, 0x74, 0x65,
	0x4a, 0x6f, 0x62, 0x52, 0x65, 0x73, 0x70, 0x6f, 0x6e, 0x73, 0x65, 0x22, 0x00, 0x12, 0x90, 0x01,
	0x0a, 0x18, 0x44, 0x65, 0x6c, 0x65, 0x74, 0x65, 0x4a, 0x6f, 0x62, 0x73, 0x42, 0x79, 0x50, 0x72,
	0x65, 0x66, 0x69, 0x78, 0x41, 0x6c, 0x70, 0x68, 0x61, 0x31, 0x12, 0x36, 0x2e, 0x64, 0x61, 0x70,
	0x72, 0x2e, 0x70, 0x72, 0x6f, 0x74, 0x6f, 0x2e, 0x72, 0x75, 0x6e, 0x74, 0x69, 0x6d, 0x65, 0x2e,
	0x76, 0x31, 0x2e, 0x44, 0x65, 0x6c, 0x65, 0x74, 0x65, 0x4a, 0x6f, 0x62, 0x73, 0x42, 0x79, 0x50,
	0x72, 0x65, 0x66, 0x69, 0x78, 0x52, 0x65, 0x71, 0x75, 0x65, 0x73, 0x74, 0x41, 0x6c, 0x70, 0x68,
	0x61, 0x31, 0x1a, 0x37, 0x2e, 0x64, 0x61, 0x70, 0x72, 0x2e, 0x70, 0x72, 0x6f, 0x74, 0x6f, 0x2e,
	0x72, 0x75, 0x6e, 0x74, 0x69, 0x6d, 0x65, 0x2e, 0x76, 0x31, 0x2e, 0x44, 0x65, 0x6c, 0x65, 0x74,
	0x65, 0x4a, 0x6f, 0x62, 0x73, 0x42, 0x79, 0x50, 0x72, 0x65, 0x66, 0x69, 0x78, 0x52, 0x65, 0x73,
	0x70, 0x6f, 0x6e, 0x73, 0x65, 0x41, 0x6c, 0x70, 0x68, 0x61, 0x31, 0x22, 0x03, 0x88, 0x02, 0x01,
	0x12, 0x7b, 0x0a, 0x12, 0x44, 0x65, 0x6c, 0x65, 0x74, 0x65, 0x4a, 0x6f, 0x62, 0x73, 0x42, 0x79,
	0x50, 0x72, 0x65, 0x66, 0x69, 0x78, 0x12, 0x30, 0x2e, 0x64, 0x61, 0x70, 0x72, 0x2e, 0x70, 0x72,
	0x6f, 0x74, 0x6f, 0x2e, 0x72, 0x75, 0x6e, 0x74, 0x69, 0x6d, 0x65, 0x2e, 0x76, 0x31, 0x2e, 0x44,
	0x65, 0x6c, 0x65, 0x74, 0x65, 0x4a, 0x6f, 0x62, 0x73, 0x42, 0x79, 0x50, 0x72, 0x65, 0x66, 0x69,
	0x78, 0x52, 0x65, 0x71, 0x75, 0x65, 0x73, 0x74, 0x1a, 0x31, 0x2e, 0x64, 0x61, 0x70, 0x72, 0x2e,
	0x70, 0x72, 0x6f, 0x74, 0x6f, 0x2e, 0x72, 0x75, 0x6e, 0x74, 0x69, 0x6d, 0x65, 0x2e, 0x76, 0x31,
	0x2e, 0x44, 0x65, 0x6c, 0x65, 0x74, 0x65, 0x4a, 0x6f, 0x62, 0x73, 0x42, 0x79, 0x50, 0x72, 0x65,
	0x66, 0x69, 0x78, 0x52, 0x65, 0x73, 0x70, 0x6f, 0x6e, 0x73, 0x65, 0x22, 0x00, 0x12, 0x72, 0x0a,
	0x0e, 0x4c, 0x69, 0x73, 0x74, 0x4a, 0x6f, 0x62, 0x73, 0x41, 0x6c, 0x70, 0x68, 0x61, 0x31, 0x12,
	0x2c, 0x2e, 0x64, 0x61, 0x70, 0x72, 0x2e, 0x70, 0x72, 0x6f, 0x74, 0x6f, 0x2e, 0x72, 0x75, 0x6e,
	0x74, 0x69, 0x6d, 0x65, 0x2e, 0x76, 0x31, 0x2e, 0x4c, 0x69, 0x73, 0x74, 0x4a, 0x6f, 0x62, 0x73,
	0x52, 0x65, 0x71, 0x75, 0x65, 0x73, 0x74, 0x41, 0x6c, 0x70, 0x68, 0x61, 0x31, 0x1a, 0x2d, 0x2e,
	0x64, 0x61, 0x70, 0x72, 0x2e, 0x70, 0x72, 0x6f, 0x74, 0x6f, 0x2e, 0x72, 0x75, 0x6e, 0x74, 0x69,
	0x6d, 0x65, 0x2e, 0x76, 0x31, 0x2e, 0x4c, 0x69, 0x73, 0x74, 0x4a, 0x6f, 0x62, 0x73, 0x52, 0x65,
	0x73, 0x70, 0x6f, 0x6e, 0x73, 0x65, 0x41, 0x6c, 0x70, 0x68, 0x61, 0x31, 0x22, 0x03, 0x88, 0x02,
	0x01, 0x12, 0x5d, 0x0a, 0x08, 0x4c, 0x69, 0x73, 0x74, 0x4a, 0x6f, 0x62, 0x73, 0x12, 0x26, 0x2e,
	0x64, 0x61, 0x70, 0x72, 0x2e, 0x70, 0x72, 0x6f, 0x74, 0x6f, 0x2e, 0x72, 0x75, 0x6e, 0x74, 0x69,
	0x6d, 0x65, 0x2e, 0x76, 0x31, 0x2e, 0x4c, 0x69, 0x73, 0x74, 0x4a, 0x6f, 0x62, 0x73, 0x52, 0x65,
	0x71, 0x75, 0x65, 0x73, 0x74, 0x1a, 0x27, 0x2e, 0x64, 0x61, 0x70, 0x72, 0x2e, 0x70, 0x72, 0x6f,
	0x74, 0x6f, 0x2e, 0x72, 0x75, 0x6e, 0x74, 0x69, 0x6d, 0x65, 0x2e, 0x76, 0x31, 0x2e, 0x4c, 0x69,
	0x73, 0x74, 0x4a, 0x6f, 0x62, 0x73, 0x52, 0x65, 0x73, 0x70, 0x6f, 0x6e, 0x73, 0x65, 0x22, 0x00,
	0x12, 0x6b, 0x0a, 0x0e, 0x43, 0x6f, 0x6e, 0x76, 0x65, 0x72, 0x73, 0x65, 0x41, 0x6c, 0x70, 0x68,
	0x61, 0x31, 0x12, 0x2a, 0x2e, 0x64, 0x61, 0x70, 0x72, 0x2e, 0x70, 0x72, 0x6f, 0x74, 0x6f, 0x2e,
	0x72, 0x75, 0x6e, 0x74, 0x69, 0x6d, 0x65, 0x2e, 0x76, 0x31, 0x2e, 0x43, 0x6f, 0x6e, 0x76, 0x65,
	0x72, 0x73, 0x61, 0x74, 0x69, 0x6f, 0x6e, 0x52, 0x65, 0x71, 0x75, 0x65, 0x73, 0x74, 0x1a, 0x2b,
	0x2e, 0x64, 0x61, 0x70, 0x72, 0x2e, 0x70, 0x72, 0x6f, 0x74, 0x6f, 0x2e, 0x72, 0x75, 0x6e, 0x74,
	0x69, 0x6d, 0x65, 0x2e, 0x76, 0x31, 0x2e, 0x43, 0x6f, 0x6e, 0x76, 0x65, 0x72, 0x73, 0x61, 0x74,
	0x69, 0x6f, 0x6e, 0x52, 0x65, 0x73, 0x70, 0x6f, 0x6e, 0x73, 0x65, 0x22, 0x00, 0x12, 0x77, 0x0a,
	0x0e, 0x43, 0x6f, 0x6e, 0x76, 0x65, 0x72, 0x73, 0x65, 0x41, 0x6c, 0x70, 0x68, 0x61, 0x32, 0x12,
	0x30, 0x2e, 0x64, 0x61, 0x70, 0x72, 0x2e, 0x70, 0x72, 0x6f, 0x74, 0x6f, 0x2e, 0x72, 0x75, 0x6e,
	0x74, 0x69, 0x6d, 0x65, 0x2e, 0x76, 0x31, 0x2e, 0x43, 0x6f, 0x6e, 0x76, 0x65, 0x72, 0x73, 0x61,
	0x74, 0x69, 0x6f, 0x6e, 0x52, 0x65, 0x71, 0x75, 0x65, 0x73, 0x74, 0x41, 0x6c, 0x70, 0x68, 0x61,
	0x32, 0x1a, 0x31, 0x2e, 0x64, 0x61, 0x70, 0x72, 0x2e, 0x70, 0x72, 0x6f, 0x74, 0x6f, 0x2e, 0x72,
	0x75, 0x6e, 0x74, 0x69, 0x6d, 0x65, 0x2e, 0x76, 0x31, 0x2e, 0x43, 0x6f, 0x6e, 0x76, 0x65, 0x72,
	0x73, 0x61, 0x74, 0x69, 0x6f, 0x6e, 0x52, 0x65, 0x73, 0x70, 0x6f, 0x6e, 0x73, 0x65, 0x41, 0x6c,
	0x70, 0x68, 0x61, 0x32, 0x22, 0x00, 0x12, 0x5e, 0x0a, 0x11, 0x43, 0x72, 0x65, 0x61, 0x74, 0x65,
	0x49, 0x6e, 0x64, 0x65, 0x78, 0x41, 0x6c, 0x70, 0x68, 0x61, 0x31, 0x12, 0x2f, 0x2e, 0x64, 0x61,
	0x70, 0x72, 0x2e, 0x70, 0x72, 0x6f, 0x74, 0x6f, 0x2e, 0x72, 0x75, 0x6e, 0x74, 0x69, 0x6d, 0x65,
	0x2e, 0x76, 0x31, 0x2e, 0x43, 0x72, 0x65, 0x61, 0x74, 0x65, 0x49, 0x6e, 0x64, 0x65, 0x78, 0x52,
	0x65, 0x71, 0x75, 0x65, 0x73, 0x74, 0x41, 0x6c, 0x70, 0x68, 0x61, 0x31, 0x1a, 0x16, 0x2e, 0x67,
	0x6f, 0x6f, 0x67, 0x6c, 0x65, 0x2e, 0x70, 0x72, 0x6f, 0x74, 0x6f, 0x62, 0x75, 0x66, 0x2e, 0x45,
	0x6d, 0x70, 0x74, 0x79, 0x22, 0x00, 0x12, 0x6f, 0x0a, 0x0e, 0x47, 0x65, 0x74, 0x49, 0x6e, 0x64,
	0x65, 0x78, 0x41, 0x6c, 0x70, 0x68, 0x61, 0x31, 0x12, 0x2c, 0x2e, 0x64, 0x61, 0x70, 0x72, 0x2e,
	0x70, 0x72, 0x6f, 0x74, 0x6f, 0x2e, 0x72, 0x75, 0x6e, 0x74, 0x69, 0x6d, 0x65, 0x2e, 0x76, 0x31,
	0x2e, 0x47, 0x65, 0x74, 0x49, 0x6e, 0x64, 0x65, 0x78, 0x52, 0x65, 0x71, 0x75, 0x65, 0x73, 0x74,
	0x41, 0x6c, 0x70, 0x68, 0x61, 0x31, 0x1a, 0x2d, 0x2e, 0x64, 0x61, 0x70, 0x72, 0x2e, 0x70, 0x72,
	0x6f, 0x74, 0x6f, 0x2e, 0x72, 0x75, 0x6e, 0x74, 0x69, 0x6d, 0x65, 0x2e, 0x76, 0x31, 0x2e, 0x47,
	0x65, 0x74, 0x49, 0x6e, 0x64, 0x65, 0x78, 0x52, 0x65, 0x73, 0x70, 0x6f, 0x6e, 0x73, 0x65, 0x41,
	0x6c, 0x70, 0x68, 0x61, 0x31, 0x22, 0x00, 0x12, 0x78, 0x0a, 0x11, 0x4c, 0x69, 0x73, 0x74, 0x49,
	0x6e, 0x64, 0x65, 0x78, 0x65, 0x73, 0x41, 0x6c, 0x70, 0x68, 0x61, 0x31, 0x12, 0x2f, 0x2e, 0x64,
	0x61, 0x70, 0x72, 0x2e, 0x70, 0x72, 0x6f, 0x74, 0x6f, 0x2e, 0x72, 0x75, 0x6e, 0x74, 0x69, 0x6d,
	0x65, 0x2e, 0x76, 0x31, 0x2e, 0x4c, 0x69, 0x73, 0x74, 0x49, 0x6e, 0x64, 0x65, 0x78, 0x65, 0x73,
	0x52, 0x65, 0x71, 0x75, 0x65, 0x73, 0x74, 0x41, 0x6c, 0x70, 0x68, 0x61, 0x31, 0x1a, 0x30, 0x2e,
	0x64, 0x61, 0x70, 0x72, 0x2e, 0x70, 0x72, 0x6f, 0x74, 0x6f, 0x2e, 0x72, 0x75, 0x6e, 0x74, 0x69,
	0x6d, 0x65, 0x2e, 0x76, 0x31, 0x2e, 0x4c, 0x69, 0x73, 0x74, 0x49, 0x6e, 0x64, 0x65, 0x78, 0x65,
	0x73, 0x52, 0x65, 0x73, 0x70, 0x6f, 0x6e, 0x73, 0x65, 0x41, 0x6c, 0x70, 0x68, 0x61, 0x31, 0x22,
	0x00, 0x12, 0x5e, 0x0a, 0x11, 0x44, 0x65, 0x6c, 0x65, 0x74, 0x65, 0x49, 0x6e, 0x64, 0x65, 0x78,
	0x41, 0x6c, 0x70, 0x68, 0x61, 0x31, 0x12, 0x2f, 0x2e, 0x64, 0x61, 0x70, 0x72, 0x2e, 0x70, 0x72,
	0x6f, 0x74, 0x6f, 0x2e, 0x72, 0x75, 0x6e, 0x74, 0x69, 0x6d, 0x65, 0x2e, 0x76, 0x31, 0x2e, 0x44,
	0x65, 0x6c, 0x65, 0x74, 0x65, 0x49, 0x6e, 0x64, 0x65, 0x78, 0x52, 0x65, 0x71, 0x75, 0x65, 0x73,
	0x74, 0x41, 0x6c, 0x70, 0x68, 0x61, 0x31, 0x1a, 0x16, 0x2e, 0x67, 0x6f, 0x6f, 0x67, 0x6c, 0x65,
	0x2e, 0x70, 0x72, 0x6f, 0x74, 0x6f, 0x62, 0x75, 0x66, 0x2e, 0x45, 0x6d, 0x70, 0x74, 0x79, 0x22,
	0x00, 0x12, 0x81, 0x01, 0x0a, 0x14, 0x49, 0x6e, 0x64, 0x65, 0x78, 0x44, 0x6f, 0x63, 0x75, 0x6d,
	0x65, 0x6e, 0x74, 0x73, 0x41, 0x6c, 0x70, 0x68, 0x61, 0x31, 0x12, 0x32, 0x2e, 0x64, 0x61, 0x70,
	0x72, 0x2e, 0x70, 0x72, 0x6f, 0x74, 0x6f, 0x2e, 0x72, 0x75, 0x6e, 0x74, 0x69, 0x6d, 0x65, 0x2e,
	0x76, 0x31, 0x2e, 0x49, 0x6e, 0x64, 0x65, 0x78, 0x44, 0x6f, 0x63, 0x75, 0x6d, 0x65, 0x6e, 0x74,
	0x73, 0x52, 0x65, 0x71, 0x75, 0x65, 0x73, 0x74, 0x41, 0x6c, 0x70, 0x68, 0x61, 0x31, 0x1a, 0x33,
	0x2e, 0x64, 0x61, 0x70, 0x72, 0x2e, 0x70, 0x72, 0x6f, 0x74, 0x6f, 0x2e, 0x72, 0x75, 0x6e, 0x74,
	0x69, 0x6d, 0x65, 0x2e, 0x76, 0x31, 0x2e, 0x49, 0x6e, 0x64, 0x65, 0x78, 0x44, 0x6f, 0x63, 0x75,
	0x6d, 0x65, 0x6e, 0x74, 0x73, 0x52, 0x65, 0x73, 0x70, 0x6f, 0x6e, 0x73, 0x65, 0x41, 0x6c, 0x70,
	0x68, 0x61, 0x31, 0x22, 0x00, 0x12, 0x7b, 0x0a, 0x12, 0x47, 0x65, 0x74, 0x44, 0x6f, 0x63, 0x75,
	0x6d, 0x65, 0x6e, 0x74, 0x73, 0x41, 0x6c, 0x70, 0x68, 0x61, 0x31, 0x12, 0x30, 0x2e, 0x64, 0x61,
	0x70, 0x72, 0x2e, 0x70, 0x72, 0x6f, 0x74, 0x6f, 0x2e, 0x72, 0x75, 0x6e, 0x74, 0x69, 0x6d, 0x65,
	0x2e, 0x76, 0x31, 0x2e, 0x47, 0x65, 0x74, 0x44, 0x6f, 0x63, 0x75, 0x6d, 0x65, 0x6e, 0x74, 0x73,
	0x52, 0x65, 0x71, 0x75, 0x65, 0x73, 0x74, 0x41, 0x6c, 0x70, 0x68, 0x61, 0x31, 0x1a, 0x31, 0x2e,
	0x64, 0x61, 0x70, 0x72, 0x2e, 0x70, 0x72, 0x6f, 0x74, 0x6f, 0x2e, 0x72, 0x75, 0x6e, 0x74, 0x69,
	0x6d, 0x65, 0x2e, 0x76, 0x31, 0x2e, 0x47, 0x65, 0x74, 0x44, 0x6f, 0x63, 0x75, 0x6d, 0x65, 0x6e,
	0x74, 0x73, 0x52, 0x65, 0x73, 0x70, 0x6f, 0x6e, 0x73, 0x65, 0x41, 0x6c, 0x70, 0x68, 0x61, 0x31,
	0x22, 0x00, 0x12, 0x84, 0x01, 0x0a, 0x15, 0x44, 0x65, 0x6c, 0x65, 0x74, 0x65, 0x44, 0x6f, 0x63,
	0x75, 0x6d, 0x65, 0x6e, 0x74, 0x73, 0x41, 0x6c, 0x70, 0x68, 0x61, 0x31, 0x12, 0x33, 0x2e, 0x64,
	0x61, 0x70, 0x72, 0x2e, 0x70, 0x72, 0x6f, 0x74, 0x6f, 0x2e, 0x72, 0x75, 0x6e, 0x74, 0x69, 0x6d,
	0x65, 0x2e, 0x76, 0x31, 0x2e, 0x44, 0x65, 0x6c, 0x65, 0x74, 0x65, 0x44, 0x6f, 0x63, 0x75, 0x6d,
	0x65, 0x6e, 0x74, 0x73, 0x52, 0x65, 0x71, 0x75, 0x65, 0x73, 0x74, 0x41, 0x6c, 0x70, 0x68, 0x61,
	0x31, 0x1a, 0x34, 0x2e, 0x64, 0x61, 0x70, 0x72, 0x2e, 0x70, 0x72, 0x6f, 0x74, 0x6f, 0x2e, 0x72,
	0x75, 0x6e, 0x74, 0x69, 0x6d, 0x65, 0x2e, 0x76, 0x31, 0x2e, 0x44, 0x65, 0x6c, 0x65, 0x74, 0x65,
	0x44, 0x6f, 0x63, 0x75, 0x6d, 0x65, 0x6e, 0x74, 0x73, 0x52, 0x65, 0x73, 0x70, 0x6f, 0x6e, 0x73,
	0x65, 0x41, 0x6c, 0x70, 0x68, 0x61, 0x31, 0x22, 0x00, 0x12, 0x69, 0x0a, 0x0c, 0x53, 0x65, 0x61,
	0x72, 0x63, 0x68, 0x41, 0x6c, 0x70, 0x68, 0x61, 0x31, 0x12, 0x2a, 0x2e, 0x64, 0x61, 0x70, 0x72,
	0x2e, 0x70, 0x72, 0x6f, 0x74, 0x6f, 0x2e, 0x72, 0x75, 0x6e, 0x74, 0x69, 0x6d, 0x65, 0x2e, 0x76,
	0x31, 0x2e, 0x53, 0x65, 0x61, 0x72, 0x63, 0x68, 0x52, 0x65, 0x71, 0x75, 0x65, 0x73, 0x74, 0x41,
	0x6c, 0x70, 0x68, 0x61, 0x31, 0x1a, 0x2b, 0x2e, 0x64, 0x61, 0x70, 0x72, 0x2e, 0x70, 0x72, 0x6f,
	0x74, 0x6f, 0x2e, 0x72, 0x75, 0x6e, 0x74, 0x69, 0x6d, 0x65, 0x2e, 0x76, 0x31, 0x2e, 0x53, 0x65,
	0x61, 0x72, 0x63, 0x68, 0x52, 0x65, 0x73, 0x70, 0x6f, 0x6e, 0x73, 0x65, 0x41, 0x6c, 0x70, 0x68,
	0x61, 0x31, 0x22, 0x00, 0x12, 0x68, 0x0a, 0x16, 0x43, 0x72, 0x65, 0x61, 0x74, 0x65, 0x43, 0x6f,
	0x6c, 0x6c, 0x65, 0x63, 0x74, 0x69, 0x6f, 0x6e, 0x41, 0x6c, 0x70, 0x68, 0x61, 0x31, 0x12, 0x34,
	0x2e, 0x64, 0x61, 0x70, 0x72, 0x2e, 0x70, 0x72, 0x6f, 0x74, 0x6f, 0x2e, 0x72, 0x75, 0x6e, 0x74,
	0x69, 0x6d, 0x65, 0x2e, 0x76, 0x31, 0x2e, 0x43, 0x72, 0x65, 0x61, 0x74, 0x65, 0x43, 0x6f, 0x6c,
	0x6c, 0x65, 0x63, 0x74, 0x69, 0x6f, 0x6e, 0x52, 0x65, 0x71, 0x75, 0x65, 0x73, 0x74, 0x41, 0x6c,
	0x70, 0x68, 0x61, 0x31, 0x1a, 0x16, 0x2e, 0x67, 0x6f, 0x6f, 0x67, 0x6c, 0x65, 0x2e, 0x70, 0x72,
	0x6f, 0x74, 0x6f, 0x62, 0x75, 0x66, 0x2e, 0x45, 0x6d, 0x70, 0x74, 0x79, 0x22, 0x00, 0x12, 0x7e,
	0x0a, 0x13, 0x47, 0x65, 0x74, 0x43, 0x6f, 0x6c, 0x6c, 0x65, 0x63, 0x74, 0x69, 0x6f, 0x6e, 0x41,
	0x6c, 0x70, 0x68, 0x61, 0x31, 0x12, 0x31, 0x2e, 0x64, 0x61, 0x70, 0x72, 0x2e, 0x70, 0x72, 0x6f,
	0x74, 0x6f, 0x2e, 0x72, 0x75, 0x6e, 0x74, 0x69, 0x6d, 0x65, 0x2e, 0x76, 0x31, 0x2e, 0x47, 0x65,
	0x74, 0x43, 0x6f, 0x6c, 0x6c, 0x65, 0x63, 0x74, 0x69, 0x6f, 0x6e, 0x52, 0x65, 0x71, 0x75, 0x65,
	0x73, 0x74, 0x41, 0x6c, 0x70, 0x68, 0x61, 0x31, 0x1a, 0x32, 0x2e, 0x64, 0x61, 0x70, 0x72, 0x2e,
	0x70, 0x72, 0x6f, 0x74, 0x6f, 0x2e, 0x72, 0x75, 0x6e, 0x74, 0x69, 0x6d, 0x65, 0x2e, 0x76, 0x31,
	0x2e, 0x47, 0x65, 0x74, 0x43, 0x6f, 0x6c, 0x6c, 0x65, 0x63, 0x74, 0x69, 0x6f, 0x6e, 0x52, 0x65,
	0x73, 0x70, 0x6f, 0x6e, 0x73, 0x65, 0x41, 0x6c, 0x70, 0x68, 0x61, 0x31, 0x22, 0x00, 0x12, 0x84,
	0x01, 0x0a, 0x15, 0x4c, 0x69, 0x73, 0x74, 0x43, 0x6f, 0x6c, 0x6c, 0x65, 0x63, 0x74, 0x69, 0x6f,
	0x6e, 0x73, 0x41, 0x6c, 0x70, 0x68, 0x61, 0x31, 0x12, 0x33, 0x2e, 0x64, 0x61, 0x70, 0x72, 0x2e,
	0x70, 0x72, 0x6f, 0x74, 0x6f, 0x2e, 0x72, 0x75, 0x6e, 0x74, 0x69, 0x6d, 0x65, 0x2e, 0x76, 0x31,
	0x2e, 0x4c, 0x69, 0x73, 0x74, 0x43, 0x6f, 0x6c, 0x6c, 0x65, 0x63, 0x74, 0x69, 0x6f, 0x6e, 0x73,
	0x52, 0x65, 0x71, 0x75, 0x65, 0x73, 0x74, 0x41, 0x6c, 0x70, 0x68, 0x61, 0x31, 0x1a, 0x34, 0x2e,
	0x64, 0x61, 0x70, 0x72, 0x2e, 0x70, 0x72, 0x6f, 0x74, 0x6f, 0x2e, 0x72, 0x75, 0x6e, 0x74, 0x69,
	0x6d, 0x65, 0x2e, 0x76, 0x31, 0x2e, 0x4c, 0x69, 0x73, 0x74, 0x43, 0x6f, 0x6c, 0x6c, 0x65, 0x63,
	0x74, 0x69, 0x6f, 0x6e, 0x73, 0x52, 0x65, 0x73, 0x70, 0x6f, 0x6e, 0x73, 0x65, 0x41, 0x6c, 0x70,
	0x68, 0x61, 0x31, 0x22, 0x00, 0x12, 0x68, 0x0a, 0x16, 0x44, 0x65, 0x6c, 0x65, 0x74, 0x65, 0x43,
	0x6f, 0x6c, 0x6c, 0x65, 0x63, 0x74, 0x69, 0x6f, 0x6e, 0x41, 0x6c, 0x70, 0x68, 0x61, 0x31, 0x12,
	0x34, 0x2e, 0x64, 0x61, 0x70, 0x72, 0x2e, 0x70, 0x72, 0x6f, 0x74, 0x6f, 0x2e, 0x72, 0x75, 0x6e,
	0x74, 0x69, 0x6d, 0x65, 0x2e, 0x76, 0x31, 0x2e, 0x44, 0x65, 0x6c, 0x65, 0x74, 0x65, 0x43, 0x6f,
	0x6c, 0x6c, 0x65, 0x63, 0x74, 0x69, 0x6f, 0x6e, 0x52, 0x65, 0x71, 0x75, 0x65, 0x73, 0x74, 0x41,
	0x6c, 0x70, 0x68, 0x61, 0x31, 0x1a, 0x16, 0x2e, 0x67, 0x6f, 0x6f, 0x67, 0x6c, 0x65, 0x2e, 0x70,
	0x72, 0x6f, 0x74, 0x6f, 0x62, 0x75, 0x66, 0x2e, 0x45, 0x6d, 0x70, 0x74, 0x79, 0x22, 0x00, 0x12,
	0x7e, 0x0a, 0x13, 0x55, 0x70, 0x73, 0x65, 0x72, 0x74, 0x56, 0x65, 0x63, 0x74, 0x6f, 0x72, 0x73,
	0x41, 0x6c, 0x70, 0x68, 0x61, 0x31, 0x12, 0x31, 0x2e, 0x64, 0x61, 0x70, 0x72, 0x2e, 0x70, 0x72,
	0x6f, 0x74, 0x6f, 0x2e, 0x72, 0x75, 0x6e, 0x74, 0x69, 0x6d, 0x65, 0x2e, 0x76, 0x31, 0x2e, 0x55,
	0x70, 0x73, 0x65, 0x72, 0x74, 0x56, 0x65, 0x63, 0x74, 0x6f, 0x72, 0x73, 0x52, 0x65, 0x71, 0x75,
	0x65, 0x73, 0x74, 0x41, 0x6c, 0x70, 0x68, 0x61, 0x31, 0x1a, 0x32, 0x2e, 0x64, 0x61, 0x70, 0x72,
	0x2e, 0x70, 0x72, 0x6f, 0x74, 0x6f, 0x2e, 0x72, 0x75, 0x6e, 0x74, 0x69, 0x6d, 0x65, 0x2e, 0x76,
	0x31, 0x2e, 0x55, 0x70, 0x73, 0x65, 0x72, 0x74, 0x56, 0x65, 0x63, 0x74, 0x6f, 0x72, 0x73, 0x52,
	0x65, 0x73, 0x70, 0x6f, 0x6e, 0x73, 0x65, 0x41, 0x6c, 0x70, 0x68, 0x61, 0x31, 0x22, 0x00, 0x12,
	0x7e, 0x0a, 0x13, 0x44, 0x65, 0x6c, 0x65, 0x74, 0x65, 0x56, 0x65, 0x63, 0x74, 0x6f, 0x72, 0x73,
	0x41, 0x6c, 0x70, 0x68, 0x61, 0x31, 0x12, 0x31, 0x2e, 0x64, 0x61, 0x70, 0x72, 0x2e, 0x70, 0x72,
	0x6f, 0x74, 0x6f, 0x2e, 0x72, 0x75, 0x6e, 0x74, 0x69, 0x6d, 0x65, 0x2e, 0x76, 0x31, 0x2e, 0x44,
	0x65, 0x6c, 0x65, 0x74, 0x65, 0x56, 0x65, 0x63, 0x74, 0x6f, 0x72, 0x73, 0x52, 0x65, 0x71, 0x75,
	0x65, 0x73, 0x74, 0x41, 0x6c, 0x70, 0x68, 0x61, 0x31, 0x1a, 0x32, 0x2e, 0x64, 0x61, 0x70, 0x72,
	0x2e, 0x70, 0x72, 0x6f, 0x74, 0x6f, 0x2e, 0x72, 0x75, 0x6e, 0x74, 0x69, 0x6d, 0x65, 0x2e, 0x76,
	0x31, 0x2e, 0x44, 0x65, 0x6c, 0x65, 0x74, 0x65, 0x56, 0x65, 0x63, 0x74, 0x6f, 0x72, 0x73, 0x52,
	0x65, 0x73, 0x70, 0x6f, 0x6e, 0x73, 0x65, 0x41, 0x6c, 0x70, 0x68, 0x61, 0x31, 0x22, 0x00, 0x12,
	0x75, 0x0a, 0x10, 0x47, 0x65, 0x74, 0x56, 0x65, 0x63, 0x74, 0x6f, 0x72, 0x73, 0x41, 0x6c, 0x70,
	0x68, 0x61, 0x31, 0x12, 0x2e, 0x2e, 0x64, 0x61, 0x70, 0x72, 0x2e, 0x70, 0x72, 0x6f, 0x74, 0x6f,
	0x2e, 0x72, 0x75, 0x6e, 0x74, 0x69, 0x6d, 0x65, 0x2e, 0x76, 0x31, 0x2e, 0x47, 0x65, 0x74, 0x56,
	0x65, 0x63, 0x74, 0x6f, 0x72, 0x73, 0x52, 0x65, 0x71, 0x75, 0x65, 0x73, 0x74, 0x41, 0x6c, 0x70,
	0x68, 0x61, 0x31, 0x1a, 0x2f, 0x2e, 0x64, 0x61, 0x70, 0x72, 0x2e, 0x70, 0x72, 0x6f, 0x74, 0x6f,
	0x2e, 0x72, 0x75, 0x6e, 0x74, 0x69, 0x6d, 0x65, 0x2e, 0x76, 0x31, 0x2e, 0x47, 0x65, 0x74, 0x56,
	0x65, 0x63, 0x74, 0x6f, 0x72, 0x73, 0x52, 0x65, 0x73, 0x70, 0x6f, 0x6e, 0x73, 0x65, 0x41, 0x6c,
	0x70, 0x68, 0x61, 0x31, 0x22, 0x00, 0x12, 0x7b, 0x0a, 0x12, 0x51, 0x75, 0x65, 0x72, 0x79, 0x56,
	0x65, 0x63, 0x74, 0x6f, 0x72, 0x73, 0x41, 0x6c, 0x70, 0x68, 0x61, 0x31, 0x12, 0x30, 0x2e, 0x64,
	0x61, 0x70, 0x72, 0x2e, 0x70, 0x72, 0x6f, 0x74, 0x6f, 0x2e, 0x72, 0x75, 0x6e, 0x74, 0x69, 0x6d,
	0x65, 0x2e, 0x76, 0x31, 0x2e, 0x51, 0x75, 0x65, 0x72, 0x79, 0x56, 0x65, 0x63, 0x74, 0x6f, 0x72,
	0x73, 0x52, 0x65, 0x71, 0x75, 0x65, 0x73, 0x74, 0x41, 0x6c, 0x70, 0x68, 0x61, 0x31, 0x1a, 0x31,
	0x2e, 0x64, 0x61, 0x70, 0x72, 0x2e, 0x70, 0x72, 0x6f, 0x74, 0x6f, 0x2e, 0x72, 0x75, 0x6e, 0x74,
	0x69, 0x6d, 0x65, 0x2e, 0x76, 0x31, 0x2e, 0x51, 0x75, 0x65, 0x72, 0x79, 0x56, 0x65, 0x63, 0x74,
	0x6f, 0x72, 0x73, 0x52, 0x65, 0x73, 0x70, 0x6f, 0x6e, 0x73, 0x65, 0x41, 0x6c, 0x70, 0x68, 0x61,
	0x31, 0x22, 0x00, 0x12, 0x8a, 0x01, 0x0a, 0x17, 0x42, 0x61, 0x74, 0x63, 0x68, 0x51, 0x75, 0x65,
	0x72, 0x79, 0x56, 0x65, 0x63, 0x74, 0x6f, 0x72, 0x73, 0x41, 0x6c, 0x70, 0x68, 0x61, 0x31, 0x12,
	0x35, 0x2e, 0x64, 0x61, 0x70, 0x72, 0x2e, 0x70, 0x72, 0x6f, 0x74, 0x6f, 0x2e, 0x72, 0x75, 0x6e,
	0x74, 0x69, 0x6d, 0x65, 0x2e, 0x76, 0x31, 0x2e, 0x42, 0x61, 0x74, 0x63, 0x68, 0x51, 0x75, 0x65,
	0x72, 0x79, 0x56, 0x65, 0x63, 0x74, 0x6f, 0x72, 0x73, 0x52, 0x65, 0x71, 0x75, 0x65, 0x73, 0x74,
	0x41, 0x6c, 0x70, 0x68, 0x61, 0x31, 0x1a, 0x36, 0x2e, 0x64, 0x61, 0x70, 0x72, 0x2e, 0x70, 0x72,
	0x6f, 0x74, 0x6f, 0x2e, 0x72, 0x75, 0x6e, 0x74, 0x69, 0x6d, 0x65, 0x2e, 0x76, 0x31, 0x2e, 0x42,
	0x61, 0x74, 0x63, 0x68, 0x51, 0x75, 0x65, 0x72, 0x79, 0x56, 0x65, 0x63, 0x74, 0x6f, 0x72, 0x73,
	0x52, 0x65, 0x73, 0x70, 0x6f, 0x6e, 0x73, 0x65, 0x41, 0x6c, 0x70, 0x68, 0x61, 0x31, 0x22, 0x00,
	0x42, 0x69, 0x0a, 0x0a, 0x69, 0x6f, 0x2e, 0x64, 0x61, 0x70, 0x72, 0x2e, 0x76, 0x31, 0x42, 0x0a,
	0x44, 0x61, 0x70, 0x72, 0x50, 0x72, 0x6f, 0x74, 0x6f, 0x73, 0x5a, 0x31, 0x67, 0x69, 0x74, 0x68,
	0x75, 0x62, 0x2e, 0x63, 0x6f, 0x6d, 0x2f, 0x64, 0x61, 0x70, 0x72, 0x2f, 0x64, 0x61, 0x70, 0x72,
	0x2f, 0x70, 0x6b, 0x67, 0x2f, 0x70, 0x72, 0x6f, 0x74, 0x6f, 0x2f, 0x72, 0x75, 0x6e, 0x74, 0x69,
	0x6d, 0x65, 0x2f, 0x76, 0x31, 0x3b, 0x72, 0x75, 0x6e, 0x74, 0x69, 0x6d, 0x65, 0xaa, 0x02, 0x1b,
	0x44, 0x61, 0x70, 0x72, 0x2e, 0x43, 0x6c, 0x69, 0x65, 0x6e, 0x74, 0x2e, 0x41, 0x75, 0x74, 0x6f,
	0x67, 0x65, 0x6e, 0x2e, 0x47, 0x72, 0x70, 0x63, 0x2e, 0x76, 0x31, 0x62, 0x06, 0x70, 0x72, 0x6f,
	0x74, 0x6f, 0x33,
}

var (
	file_dapr_proto_runtime_v1_dapr_proto_rawDescOnce sync.Once
	file_dapr_proto_runtime_v1_dapr_proto_rawDescData = file_dapr_proto_runtime_v1_dapr_proto_rawDesc
)

func file_dapr_proto_runtime_v1_dapr_proto_rawDescGZIP() []byte {
	file_dapr_proto_runtime_v1_dapr_proto_rawDescOnce.Do(func() {
		file_dapr_proto_runtime_v1_dapr_proto_rawDescData = protoimpl.X.CompressGZIP(file_dapr_proto_runtime_v1_dapr_proto_rawDescData)
	})
	return file_dapr_proto_runtime_v1_dapr_proto_rawDescData
}

var file_dapr_proto_runtime_v1_dapr_proto_msgTypes = make([]protoimpl.MessageInfo, 1)
var file_dapr_proto_runtime_v1_dapr_proto_goTypes = []interface{}{
	(*ShutdownRequest)(nil),                        // 0: dapr.proto.runtime.v1.ShutdownRequest
	(*InvokeServiceRequest)(nil),                   // 1: dapr.proto.runtime.v1.InvokeServiceRequest
	(*GetStateRequest)(nil),                        // 2: dapr.proto.runtime.v1.GetStateRequest
	(*GetBulkStateRequest)(nil),                    // 3: dapr.proto.runtime.v1.GetBulkStateRequest
	(*SaveStateRequest)(nil),                       // 4: dapr.proto.runtime.v1.SaveStateRequest
	(*QueryStateRequest)(nil),                      // 5: dapr.proto.runtime.v1.QueryStateRequest
	(*DeleteStateRequest)(nil),                     // 6: dapr.proto.runtime.v1.DeleteStateRequest
	(*DeleteBulkStateRequest)(nil),                 // 7: dapr.proto.runtime.v1.DeleteBulkStateRequest
	(*ExecuteStateTransactionRequest)(nil),         // 8: dapr.proto.runtime.v1.ExecuteStateTransactionRequest
	(*PublishEventRequest)(nil),                    // 9: dapr.proto.runtime.v1.PublishEventRequest
	(*BulkPublishRequest)(nil),                     // 10: dapr.proto.runtime.v1.BulkPublishRequest
	(*SubscribeTopicEventsRequestAlpha1)(nil),      // 11: dapr.proto.runtime.v1.SubscribeTopicEventsRequestAlpha1
	(*InvokeBindingRequest)(nil),                   // 12: dapr.proto.runtime.v1.InvokeBindingRequest
	(*GetSecretRequest)(nil),                       // 13: dapr.proto.runtime.v1.GetSecretRequest
	(*GetBulkSecretRequest)(nil),                   // 14: dapr.proto.runtime.v1.GetBulkSecretRequest
	(*RegisterActorTimerRequest)(nil),              // 15: dapr.proto.runtime.v1.RegisterActorTimerRequest
	(*UnregisterActorTimerRequest)(nil),            // 16: dapr.proto.runtime.v1.UnregisterActorTimerRequest
	(*RegisterActorReminderRequest)(nil),           // 17: dapr.proto.runtime.v1.RegisterActorReminderRequest
	(*UnregisterActorReminderRequest)(nil),         // 18: dapr.proto.runtime.v1.UnregisterActorReminderRequest
	(*UnregisterActorRemindersByTypeRequest)(nil),  // 19: dapr.proto.runtime.v1.UnregisterActorRemindersByTypeRequest
	(*ListActorRemindersRequest)(nil),              // 20: dapr.proto.runtime.v1.ListActorRemindersRequest
	(*ListActorTimersRequest)(nil),                 // 21: dapr.proto.runtime.v1.ListActorTimersRequest
	(*GetActorStateRequest)(nil),                   // 22: dapr.proto.runtime.v1.GetActorStateRequest
	(*GetActorReminderRequest)(nil),                // 23: dapr.proto.runtime.v1.GetActorReminderRequest
	(*GetActorTimerRequest)(nil),                   // 24: dapr.proto.runtime.v1.GetActorTimerRequest
	(*ExecuteActorStateTransactionRequest)(nil),    // 25: dapr.proto.runtime.v1.ExecuteActorStateTransactionRequest
	(*InvokeActorRequest)(nil),                     // 26: dapr.proto.runtime.v1.InvokeActorRequest
	(*SubscribeActorEventsRequestAlpha1)(nil),      // 27: dapr.proto.runtime.v1.SubscribeActorEventsRequestAlpha1
	(*GetConfigurationRequest)(nil),                // 28: dapr.proto.runtime.v1.GetConfigurationRequest
	(*SubscribeConfigurationRequest)(nil),          // 29: dapr.proto.runtime.v1.SubscribeConfigurationRequest
	(*UnsubscribeConfigurationRequest)(nil),        // 30: dapr.proto.runtime.v1.UnsubscribeConfigurationRequest
	(*TryLockRequest)(nil),                         // 31: dapr.proto.runtime.v1.TryLockRequest
	(*UnlockRequest)(nil),                          // 32: dapr.proto.runtime.v1.UnlockRequest
	(*EncryptRequest)(nil),                         // 33: dapr.proto.runtime.v1.EncryptRequest
	(*DecryptRequest)(nil),                         // 34: dapr.proto.runtime.v1.DecryptRequest
	(*GetMetadataRequest)(nil),                     // 35: dapr.proto.runtime.v1.GetMetadataRequest
	(*SetMetadataRequest)(nil),                     // 36: dapr.proto.runtime.v1.SetMetadataRequest
	(*SubtleGetKeyRequest)(nil),                    // 37: dapr.proto.runtime.v1.SubtleGetKeyRequest
	(*SubtleEncryptRequest)(nil),                   // 38: dapr.proto.runtime.v1.SubtleEncryptRequest
	(*SubtleDecryptRequest)(nil),                   // 39: dapr.proto.runtime.v1.SubtleDecryptRequest
	(*SubtleWrapKeyRequest)(nil),                   // 40: dapr.proto.runtime.v1.SubtleWrapKeyRequest
	(*SubtleUnwrapKeyRequest)(nil),                 // 41: dapr.proto.runtime.v1.SubtleUnwrapKeyRequest
	(*SubtleSignRequest)(nil),                      // 42: dapr.proto.runtime.v1.SubtleSignRequest
	(*SubtleVerifyRequest)(nil),                    // 43: dapr.proto.runtime.v1.SubtleVerifyRequest
	(*StartWorkflowRequest)(nil),                   // 44: dapr.proto.runtime.v1.StartWorkflowRequest
	(*GetWorkflowRequest)(nil),                     // 45: dapr.proto.runtime.v1.GetWorkflowRequest
	(*PurgeWorkflowRequest)(nil),                   // 46: dapr.proto.runtime.v1.PurgeWorkflowRequest
	(*TerminateWorkflowRequest)(nil),               // 47: dapr.proto.runtime.v1.TerminateWorkflowRequest
	(*PauseWorkflowRequest)(nil),                   // 48: dapr.proto.runtime.v1.PauseWorkflowRequest
	(*ResumeWorkflowRequest)(nil),                  // 49: dapr.proto.runtime.v1.ResumeWorkflowRequest
	(*RaiseEventWorkflowRequest)(nil),              // 50: dapr.proto.runtime.v1.RaiseEventWorkflowRequest
	(*ScheduleJobRequest)(nil),                     // 51: dapr.proto.runtime.v1.ScheduleJobRequest
	(*GetJobRequest)(nil),                          // 52: dapr.proto.runtime.v1.GetJobRequest
	(*DeleteJobRequest)(nil),                       // 53: dapr.proto.runtime.v1.DeleteJobRequest
	(*DeleteJobsByPrefixRequestAlpha1)(nil),        // 54: dapr.proto.runtime.v1.DeleteJobsByPrefixRequestAlpha1
	(*DeleteJobsByPrefixRequest)(nil),              // 55: dapr.proto.runtime.v1.DeleteJobsByPrefixRequest
	(*ListJobsRequestAlpha1)(nil),                  // 56: dapr.proto.runtime.v1.ListJobsRequestAlpha1
	(*ListJobsRequest)(nil),                        // 57: dapr.proto.runtime.v1.ListJobsRequest
	(*ConversationRequest)(nil),                    // 58: dapr.proto.runtime.v1.ConversationRequest
	(*ConversationRequestAlpha2)(nil),              // 59: dapr.proto.runtime.v1.ConversationRequestAlpha2
	(*CreateIndexRequestAlpha1)(nil),               // 60: dapr.proto.runtime.v1.CreateIndexRequestAlpha1
	(*GetIndexRequestAlpha1)(nil),                  // 61: dapr.proto.runtime.v1.GetIndexRequestAlpha1
	(*ListIndexesRequestAlpha1)(nil),               // 62: dapr.proto.runtime.v1.ListIndexesRequestAlpha1
	(*DeleteIndexRequestAlpha1)(nil),               // 63: dapr.proto.runtime.v1.DeleteIndexRequestAlpha1
	(*IndexDocumentsRequestAlpha1)(nil),            // 64: dapr.proto.runtime.v1.IndexDocumentsRequestAlpha1
	(*GetDocumentsRequestAlpha1)(nil),              // 65: dapr.proto.runtime.v1.GetDocumentsRequestAlpha1
	(*DeleteDocumentsRequestAlpha1)(nil),           // 66: dapr.proto.runtime.v1.DeleteDocumentsRequestAlpha1
	(*SearchRequestAlpha1)(nil),                    // 67: dapr.proto.runtime.v1.SearchRequestAlpha1
	(*CreateCollectionRequestAlpha1)(nil),          // 68: dapr.proto.runtime.v1.CreateCollectionRequestAlpha1
	(*GetCollectionRequestAlpha1)(nil),             // 69: dapr.proto.runtime.v1.GetCollectionRequestAlpha1
	(*ListCollectionsRequestAlpha1)(nil),           // 70: dapr.proto.runtime.v1.ListCollectionsRequestAlpha1
	(*DeleteCollectionRequestAlpha1)(nil),          // 71: dapr.proto.runtime.v1.DeleteCollectionRequestAlpha1
	(*UpsertVectorsRequestAlpha1)(nil),             // 72: dapr.proto.runtime.v1.UpsertVectorsRequestAlpha1
	(*DeleteVectorsRequestAlpha1)(nil),             // 73: dapr.proto.runtime.v1.DeleteVectorsRequestAlpha1
	(*GetVectorsRequestAlpha1)(nil),                // 74: dapr.proto.runtime.v1.GetVectorsRequestAlpha1
	(*QueryVectorsRequestAlpha1)(nil),              // 75: dapr.proto.runtime.v1.QueryVectorsRequestAlpha1
	(*BatchQueryVectorsRequestAlpha1)(nil),         // 76: dapr.proto.runtime.v1.BatchQueryVectorsRequestAlpha1
	(*v1.InvokeResponse)(nil),                      // 77: dapr.proto.common.v1.InvokeResponse
	(*GetStateResponse)(nil),                       // 78: dapr.proto.runtime.v1.GetStateResponse
	(*GetBulkStateResponse)(nil),                   // 79: dapr.proto.runtime.v1.GetBulkStateResponse
	(*emptypb.Empty)(nil),                          // 80: google.protobuf.Empty
	(*QueryStateResponse)(nil),                     // 81: dapr.proto.runtime.v1.QueryStateResponse
	(*BulkPublishResponse)(nil),                    // 82: dapr.proto.runtime.v1.BulkPublishResponse
	(*SubscribeTopicEventsResponseAlpha1)(nil),     // 83: dapr.proto.runtime.v1.SubscribeTopicEventsResponseAlpha1
	(*InvokeBindingResponse)(nil),                  // 84: dapr.proto.runtime.v1.InvokeBindingResponse
	(*GetSecretResponse)(nil),                      // 85: dapr.proto.runtime.v1.GetSecretResponse
	(*GetBulkSecretResponse)(nil),                  // 86: dapr.proto.runtime.v1.GetBulkSecretResponse
	(*UnregisterActorRemindersByTypeResponse)(nil), // 87: dapr.proto.runtime.v1.UnregisterActorRemindersByTypeResponse
	(*ListActorRemindersResponse)(nil),             // 88: dapr.proto.runtime.v1.ListActorRemindersResponse
	(*ListActorTimersResponse)(nil),                // 89: dapr.proto.runtime.v1.ListActorTimersResponse
	(*GetActorStateResponse)(nil),                  // 90: dapr.proto.runtime.v1.GetActorStateResponse
	(*GetActorReminderResponse)(nil),               // 91: dapr.proto.runtime.v1.GetActorReminderResponse
	(*GetActorTimerResponse)(nil),                  // 92: dapr.proto.runtime.v1.GetActorTimerResponse
	(*InvokeActorResponse)(nil),                    // 93: dapr.proto.runtime.v1.InvokeActorResponse
	(*SubscribeActorEventsResponseAlpha1)(nil),     // 94: dapr.proto.runtime.v1.SubscribeActorEventsResponseAlpha1
	(*GetConfigurationResponse)(nil),               // 95: dapr.proto.runtime.v1.GetConfigurationResponse
	(*SubscribeConfigurationResponse)(nil),         // 96: dapr.proto.runtime.v1.SubscribeConfigurationResponse
	(*UnsubscribeConfigurationResponse)(nil),       // 97: dapr.proto.runtime.v1.UnsubscribeConfigurationResponse
	(*TryLockResponse)(nil),                        // 98: dapr.proto.runtime.v1.TryLockResponse
	(*UnlockResponse)(nil),                         // 99: dapr.proto.runtime.v1.UnlockResponse
	(*EncryptResponse)(nil),                        // 100: dapr.proto.runtime.v1.EncryptResponse
	(*DecryptResponse)(nil),                        // 101: dapr.proto.runtime.v1.DecryptResponse
	(*GetMetadataResponse)(nil),                    // 102: dapr.proto.runtime.v1.GetMetadataResponse
	(*SubtleGetKeyResponse)(nil),                   // 103: dapr.proto.runtime.v1.SubtleGetKeyResponse
	(*SubtleEncryptResponse)(nil),                  // 104: dapr.proto.runtime.v1.SubtleEncryptResponse
	(*SubtleDecryptResponse)(nil),                  // 105: dapr.proto.runtime.v1.SubtleDecryptResponse
	(*SubtleWrapKeyResponse)(nil),                  // 106: dapr.proto.runtime.v1.SubtleWrapKeyResponse
	(*SubtleUnwrapKeyResponse)(nil),                // 107: dapr.proto.runtime.v1.SubtleUnwrapKeyResponse
	(*SubtleSignResponse)(nil),                     // 108: dapr.proto.runtime.v1.SubtleSignResponse
	(*SubtleVerifyResponse)(nil),                   // 109: dapr.proto.runtime.v1.SubtleVerifyResponse
	(*StartWorkflowResponse)(nil),                  // 110: dapr.proto.runtime.v1.StartWorkflowResponse
	(*GetWorkflowResponse)(nil),                    // 111: dapr.proto.runtime.v1.GetWorkflowResponse
	(*ScheduleJobResponse)(nil),                    // 112: dapr.proto.runtime.v1.ScheduleJobResponse
	(*GetJobResponse)(nil),                         // 113: dapr.proto.runtime.v1.GetJobResponse
	(*DeleteJobResponse)(nil),                      // 114: dapr.proto.runtime.v1.DeleteJobResponse
	(*DeleteJobsByPrefixResponseAlpha1)(nil),       // 115: dapr.proto.runtime.v1.DeleteJobsByPrefixResponseAlpha1
	(*DeleteJobsByPrefixResponse)(nil),             // 116: dapr.proto.runtime.v1.DeleteJobsByPrefixResponse
	(*ListJobsResponseAlpha1)(nil),                 // 117: dapr.proto.runtime.v1.ListJobsResponseAlpha1
	(*ListJobsResponse)(nil),                       // 118: dapr.proto.runtime.v1.ListJobsResponse
	(*ConversationResponse)(nil),                   // 119: dapr.proto.runtime.v1.ConversationResponse
	(*ConversationResponseAlpha2)(nil),             // 120: dapr.proto.runtime.v1.ConversationResponseAlpha2
	(*GetIndexResponseAlpha1)(nil),                 // 121: dapr.proto.runtime.v1.GetIndexResponseAlpha1
	(*ListIndexesResponseAlpha1)(nil),              // 122: dapr.proto.runtime.v1.ListIndexesResponseAlpha1
	(*IndexDocumentsResponseAlpha1)(nil),           // 123: dapr.proto.runtime.v1.IndexDocumentsResponseAlpha1
	(*GetDocumentsResponseAlpha1)(nil),             // 124: dapr.proto.runtime.v1.GetDocumentsResponseAlpha1
	(*DeleteDocumentsResponseAlpha1)(nil),          // 125: dapr.proto.runtime.v1.DeleteDocumentsResponseAlpha1
	(*SearchResponseAlpha1)(nil),                   // 126: dapr.proto.runtime.v1.SearchResponseAlpha1
	(*GetCollectionResponseAlpha1)(nil),            // 127: dapr.proto.runtime.v1.GetCollectionResponseAlpha1
	(*ListCollectionsResponseAlpha1)(nil),          // 128: dapr.proto.runtime.v1.ListCollectionsResponseAlpha1
	(*UpsertVectorsResponseAlpha1)(nil),            // 129: dapr.proto.runtime.v1.UpsertVectorsResponseAlpha1
	(*DeleteVectorsResponseAlpha1)(nil),            // 130: dapr.proto.runtime.v1.DeleteVectorsResponseAlpha1
	(*GetVectorsResponseAlpha1)(nil),               // 131: dapr.proto.runtime.v1.GetVectorsResponseAlpha1
	(*QueryVectorsResponseAlpha1)(nil),             // 132: dapr.proto.runtime.v1.QueryVectorsResponseAlpha1
	(*BatchQueryVectorsResponseAlpha1)(nil),        // 133: dapr.proto.runtime.v1.BatchQueryVectorsResponseAlpha1
}
var file_dapr_proto_runtime_v1_dapr_proto_depIdxs = []int32{
	1,   // 0: dapr.proto.runtime.v1.Dapr.InvokeService:input_type -> dapr.proto.runtime.v1.InvokeServiceRequest
	2,   // 1: dapr.proto.runtime.v1.Dapr.GetState:input_type -> dapr.proto.runtime.v1.GetStateRequest
	3,   // 2: dapr.proto.runtime.v1.Dapr.GetBulkState:input_type -> dapr.proto.runtime.v1.GetBulkStateRequest
	4,   // 3: dapr.proto.runtime.v1.Dapr.SaveState:input_type -> dapr.proto.runtime.v1.SaveStateRequest
	5,   // 4: dapr.proto.runtime.v1.Dapr.QueryStateAlpha1:input_type -> dapr.proto.runtime.v1.QueryStateRequest
	6,   // 5: dapr.proto.runtime.v1.Dapr.DeleteState:input_type -> dapr.proto.runtime.v1.DeleteStateRequest
	7,   // 6: dapr.proto.runtime.v1.Dapr.DeleteBulkState:input_type -> dapr.proto.runtime.v1.DeleteBulkStateRequest
	8,   // 7: dapr.proto.runtime.v1.Dapr.ExecuteStateTransaction:input_type -> dapr.proto.runtime.v1.ExecuteStateTransactionRequest
	9,   // 8: dapr.proto.runtime.v1.Dapr.PublishEvent:input_type -> dapr.proto.runtime.v1.PublishEventRequest
	10,  // 9: dapr.proto.runtime.v1.Dapr.BulkPublishEventAlpha1:input_type -> dapr.proto.runtime.v1.BulkPublishRequest
	10,  // 10: dapr.proto.runtime.v1.Dapr.BulkPublishEvent:input_type -> dapr.proto.runtime.v1.BulkPublishRequest
	11,  // 11: dapr.proto.runtime.v1.Dapr.SubscribeTopicEventsAlpha1:input_type -> dapr.proto.runtime.v1.SubscribeTopicEventsRequestAlpha1
	12,  // 12: dapr.proto.runtime.v1.Dapr.InvokeBinding:input_type -> dapr.proto.runtime.v1.InvokeBindingRequest
	13,  // 13: dapr.proto.runtime.v1.Dapr.GetSecret:input_type -> dapr.proto.runtime.v1.GetSecretRequest
	14,  // 14: dapr.proto.runtime.v1.Dapr.GetBulkSecret:input_type -> dapr.proto.runtime.v1.GetBulkSecretRequest
	15,  // 15: dapr.proto.runtime.v1.Dapr.RegisterActorTimer:input_type -> dapr.proto.runtime.v1.RegisterActorTimerRequest
	16,  // 16: dapr.proto.runtime.v1.Dapr.UnregisterActorTimer:input_type -> dapr.proto.runtime.v1.UnregisterActorTimerRequest
	17,  // 17: dapr.proto.runtime.v1.Dapr.RegisterActorReminder:input_type -> dapr.proto.runtime.v1.RegisterActorReminderRequest
	18,  // 18: dapr.proto.runtime.v1.Dapr.UnregisterActorReminder:input_type -> dapr.proto.runtime.v1.UnregisterActorReminderRequest
	19,  // 19: dapr.proto.runtime.v1.Dapr.UnregisterActorRemindersByType:input_type -> dapr.proto.runtime.v1.UnregisterActorRemindersByTypeRequest
	20,  // 20: dapr.proto.runtime.v1.Dapr.ListActorReminders:input_type -> dapr.proto.runtime.v1.ListActorRemindersRequest
	21,  // 21: dapr.proto.runtime.v1.Dapr.ListActorTimers:input_type -> dapr.proto.runtime.v1.ListActorTimersRequest
	22,  // 22: dapr.proto.runtime.v1.Dapr.GetActorState:input_type -> dapr.proto.runtime.v1.GetActorStateRequest
	23,  // 23: dapr.proto.runtime.v1.Dapr.GetActorReminder:input_type -> dapr.proto.runtime.v1.GetActorReminderRequest
	24,  // 24: dapr.proto.runtime.v1.Dapr.GetActorTimer:input_type -> dapr.proto.runtime.v1.GetActorTimerRequest
	25,  // 25: dapr.proto.runtime.v1.Dapr.ExecuteActorStateTransaction:input_type -> dapr.proto.runtime.v1.ExecuteActorStateTransactionRequest
	26,  // 26: dapr.proto.runtime.v1.Dapr.InvokeActor:input_type -> dapr.proto.runtime.v1.InvokeActorRequest
	27,  // 27: dapr.proto.runtime.v1.Dapr.SubscribeActorEventsAlpha1:input_type -> dapr.proto.runtime.v1.SubscribeActorEventsRequestAlpha1
	28,  // 28: dapr.proto.runtime.v1.Dapr.GetConfigurationAlpha1:input_type -> dapr.proto.runtime.v1.GetConfigurationRequest
	28,  // 29: dapr.proto.runtime.v1.Dapr.GetConfiguration:input_type -> dapr.proto.runtime.v1.GetConfigurationRequest
	29,  // 30: dapr.proto.runtime.v1.Dapr.SubscribeConfigurationAlpha1:input_type -> dapr.proto.runtime.v1.SubscribeConfigurationRequest
	29,  // 31: dapr.proto.runtime.v1.Dapr.SubscribeConfiguration:input_type -> dapr.proto.runtime.v1.SubscribeConfigurationRequest
	30,  // 32: dapr.proto.runtime.v1.Dapr.UnsubscribeConfigurationAlpha1:input_type -> dapr.proto.runtime.v1.UnsubscribeConfigurationRequest
	30,  // 33: dapr.proto.runtime.v1.Dapr.UnsubscribeConfiguration:input_type -> dapr.proto.runtime.v1.UnsubscribeConfigurationRequest
	31,  // 34: dapr.proto.runtime.v1.Dapr.TryLockAlpha1:input_type -> dapr.proto.runtime.v1.TryLockRequest
	32,  // 35: dapr.proto.runtime.v1.Dapr.UnlockAlpha1:input_type -> dapr.proto.runtime.v1.UnlockRequest
	33,  // 36: dapr.proto.runtime.v1.Dapr.EncryptAlpha1:input_type -> dapr.proto.runtime.v1.EncryptRequest
	34,  // 37: dapr.proto.runtime.v1.Dapr.DecryptAlpha1:input_type -> dapr.proto.runtime.v1.DecryptRequest
	35,  // 38: dapr.proto.runtime.v1.Dapr.GetMetadata:input_type -> dapr.proto.runtime.v1.GetMetadataRequest
	36,  // 39: dapr.proto.runtime.v1.Dapr.SetMetadata:input_type -> dapr.proto.runtime.v1.SetMetadataRequest
	37,  // 40: dapr.proto.runtime.v1.Dapr.SubtleGetKeyAlpha1:input_type -> dapr.proto.runtime.v1.SubtleGetKeyRequest
	38,  // 41: dapr.proto.runtime.v1.Dapr.SubtleEncryptAlpha1:input_type -> dapr.proto.runtime.v1.SubtleEncryptRequest
	39,  // 42: dapr.proto.runtime.v1.Dapr.SubtleDecryptAlpha1:input_type -> dapr.proto.runtime.v1.SubtleDecryptRequest
	40,  // 43: dapr.proto.runtime.v1.Dapr.SubtleWrapKeyAlpha1:input_type -> dapr.proto.runtime.v1.SubtleWrapKeyRequest
	41,  // 44: dapr.proto.runtime.v1.Dapr.SubtleUnwrapKeyAlpha1:input_type -> dapr.proto.runtime.v1.SubtleUnwrapKeyRequest
	42,  // 45: dapr.proto.runtime.v1.Dapr.SubtleSignAlpha1:input_type -> dapr.proto.runtime.v1.SubtleSignRequest
	43,  // 46: dapr.proto.runtime.v1.Dapr.SubtleVerifyAlpha1:input_type -> dapr.proto.runtime.v1.SubtleVerifyRequest
	44,  // 47: dapr.proto.runtime.v1.Dapr.StartWorkflowAlpha1:input_type -> dapr.proto.runtime.v1.StartWorkflowRequest
	45,  // 48: dapr.proto.runtime.v1.Dapr.GetWorkflowAlpha1:input_type -> dapr.proto.runtime.v1.GetWorkflowRequest
	46,  // 49: dapr.proto.runtime.v1.Dapr.PurgeWorkflowAlpha1:input_type -> dapr.proto.runtime.v1.PurgeWorkflowRequest
	47,  // 50: dapr.proto.runtime.v1.Dapr.TerminateWorkflowAlpha1:input_type -> dapr.proto.runtime.v1.TerminateWorkflowRequest
	48,  // 51: dapr.proto.runtime.v1.Dapr.PauseWorkflowAlpha1:input_type -> dapr.proto.runtime.v1.PauseWorkflowRequest
	49,  // 52: dapr.proto.runtime.v1.Dapr.ResumeWorkflowAlpha1:input_type -> dapr.proto.runtime.v1.ResumeWorkflowRequest
	50,  // 53: dapr.proto.runtime.v1.Dapr.RaiseEventWorkflowAlpha1:input_type -> dapr.proto.runtime.v1.RaiseEventWorkflowRequest
	44,  // 54: dapr.proto.runtime.v1.Dapr.StartWorkflowBeta1:input_type -> dapr.proto.runtime.v1.StartWorkflowRequest
	45,  // 55: dapr.proto.runtime.v1.Dapr.GetWorkflowBeta1:input_type -> dapr.proto.runtime.v1.GetWorkflowRequest
	46,  // 56: dapr.proto.runtime.v1.Dapr.PurgeWorkflowBeta1:input_type -> dapr.proto.runtime.v1.PurgeWorkflowRequest
	47,  // 57: dapr.proto.runtime.v1.Dapr.TerminateWorkflowBeta1:input_type -> dapr.proto.runtime.v1.TerminateWorkflowRequest
	48,  // 58: dapr.proto.runtime.v1.Dapr.PauseWorkflowBeta1:input_type -> dapr.proto.runtime.v1.PauseWorkflowRequest
	49,  // 59: dapr.proto.runtime.v1.Dapr.ResumeWorkflowBeta1:input_type -> dapr.proto.runtime.v1.ResumeWorkflowRequest
	50,  // 60: dapr.proto.runtime.v1.Dapr.RaiseEventWorkflowBeta1:input_type -> dapr.proto.runtime.v1.RaiseEventWorkflowRequest
	0,   // 61: dapr.proto.runtime.v1.Dapr.Shutdown:input_type -> dapr.proto.runtime.v1.ShutdownRequest
	51,  // 62: dapr.proto.runtime.v1.Dapr.ScheduleJobAlpha1:input_type -> dapr.proto.runtime.v1.ScheduleJobRequest
	51,  // 63: dapr.proto.runtime.v1.Dapr.ScheduleJob:input_type -> dapr.proto.runtime.v1.ScheduleJobRequest
	52,  // 64: dapr.proto.runtime.v1.Dapr.GetJobAlpha1:input_type -> dapr.proto.runtime.v1.GetJobRequest
	52,  // 65: dapr.proto.runtime.v1.Dapr.GetJob:input_type -> dapr.proto.runtime.v1.GetJobRequest
	53,  // 66: dapr.proto.runtime.v1.Dapr.DeleteJobAlpha1:input_type -> dapr.proto.runtime.v1.DeleteJobRequest
	53,  // 67: dapr.proto.runtime.v1.Dapr.DeleteJob:input_type -> dapr.proto.runtime.v1.DeleteJobRequest
	54,  // 68: dapr.proto.runtime.v1.Dapr.DeleteJobsByPrefixAlpha1:input_type -> dapr.proto.runtime.v1.DeleteJobsByPrefixRequestAlpha1
	55,  // 69: dapr.proto.runtime.v1.Dapr.DeleteJobsByPrefix:input_type -> dapr.proto.runtime.v1.DeleteJobsByPrefixRequest
	56,  // 70: dapr.proto.runtime.v1.Dapr.ListJobsAlpha1:input_type -> dapr.proto.runtime.v1.ListJobsRequestAlpha1
	57,  // 71: dapr.proto.runtime.v1.Dapr.ListJobs:input_type -> dapr.proto.runtime.v1.ListJobsRequest
	58,  // 72: dapr.proto.runtime.v1.Dapr.ConverseAlpha1:input_type -> dapr.proto.runtime.v1.ConversationRequest
	59,  // 73: dapr.proto.runtime.v1.Dapr.ConverseAlpha2:input_type -> dapr.proto.runtime.v1.ConversationRequestAlpha2
	60,  // 74: dapr.proto.runtime.v1.Dapr.CreateIndexAlpha1:input_type -> dapr.proto.runtime.v1.CreateIndexRequestAlpha1
	61,  // 75: dapr.proto.runtime.v1.Dapr.GetIndexAlpha1:input_type -> dapr.proto.runtime.v1.GetIndexRequestAlpha1
	62,  // 76: dapr.proto.runtime.v1.Dapr.ListIndexesAlpha1:input_type -> dapr.proto.runtime.v1.ListIndexesRequestAlpha1
	63,  // 77: dapr.proto.runtime.v1.Dapr.DeleteIndexAlpha1:input_type -> dapr.proto.runtime.v1.DeleteIndexRequestAlpha1
	64,  // 78: dapr.proto.runtime.v1.Dapr.IndexDocumentsAlpha1:input_type -> dapr.proto.runtime.v1.IndexDocumentsRequestAlpha1
	65,  // 79: dapr.proto.runtime.v1.Dapr.GetDocumentsAlpha1:input_type -> dapr.proto.runtime.v1.GetDocumentsRequestAlpha1
	66,  // 80: dapr.proto.runtime.v1.Dapr.DeleteDocumentsAlpha1:input_type -> dapr.proto.runtime.v1.DeleteDocumentsRequestAlpha1
	67,  // 81: dapr.proto.runtime.v1.Dapr.SearchAlpha1:input_type -> dapr.proto.runtime.v1.SearchRequestAlpha1
	68,  // 82: dapr.proto.runtime.v1.Dapr.CreateCollectionAlpha1:input_type -> dapr.proto.runtime.v1.CreateCollectionRequestAlpha1
	69,  // 83: dapr.proto.runtime.v1.Dapr.GetCollectionAlpha1:input_type -> dapr.proto.runtime.v1.GetCollectionRequestAlpha1
	70,  // 84: dapr.proto.runtime.v1.Dapr.ListCollectionsAlpha1:input_type -> dapr.proto.runtime.v1.ListCollectionsRequestAlpha1
	71,  // 85: dapr.proto.runtime.v1.Dapr.DeleteCollectionAlpha1:input_type -> dapr.proto.runtime.v1.DeleteCollectionRequestAlpha1
	72,  // 86: dapr.proto.runtime.v1.Dapr.UpsertVectorsAlpha1:input_type -> dapr.proto.runtime.v1.UpsertVectorsRequestAlpha1
	73,  // 87: dapr.proto.runtime.v1.Dapr.DeleteVectorsAlpha1:input_type -> dapr.proto.runtime.v1.DeleteVectorsRequestAlpha1
	74,  // 88: dapr.proto.runtime.v1.Dapr.GetVectorsAlpha1:input_type -> dapr.proto.runtime.v1.GetVectorsRequestAlpha1
	75,  // 89: dapr.proto.runtime.v1.Dapr.QueryVectorsAlpha1:input_type -> dapr.proto.runtime.v1.QueryVectorsRequestAlpha1
	76,  // 90: dapr.proto.runtime.v1.Dapr.BatchQueryVectorsAlpha1:input_type -> dapr.proto.runtime.v1.BatchQueryVectorsRequestAlpha1
	77,  // 91: dapr.proto.runtime.v1.Dapr.InvokeService:output_type -> dapr.proto.common.v1.InvokeResponse
	78,  // 92: dapr.proto.runtime.v1.Dapr.GetState:output_type -> dapr.proto.runtime.v1.GetStateResponse
	79,  // 93: dapr.proto.runtime.v1.Dapr.GetBulkState:output_type -> dapr.proto.runtime.v1.GetBulkStateResponse
	80,  // 94: dapr.proto.runtime.v1.Dapr.SaveState:output_type -> google.protobuf.Empty
	81,  // 95: dapr.proto.runtime.v1.Dapr.QueryStateAlpha1:output_type -> dapr.proto.runtime.v1.QueryStateResponse
	80,  // 96: dapr.proto.runtime.v1.Dapr.DeleteState:output_type -> google.protobuf.Empty
	80,  // 97: dapr.proto.runtime.v1.Dapr.DeleteBulkState:output_type -> google.protobuf.Empty
	80,  // 98: dapr.proto.runtime.v1.Dapr.ExecuteStateTransaction:output_type -> google.protobuf.Empty
	80,  // 99: dapr.proto.runtime.v1.Dapr.PublishEvent:output_type -> google.protobuf.Empty
	82,  // 100: dapr.proto.runtime.v1.Dapr.BulkPublishEventAlpha1:output_type -> dapr.proto.runtime.v1.BulkPublishResponse
	82,  // 101: dapr.proto.runtime.v1.Dapr.BulkPublishEvent:output_type -> dapr.proto.runtime.v1.BulkPublishResponse
	83,  // 102: dapr.proto.runtime.v1.Dapr.SubscribeTopicEventsAlpha1:output_type -> dapr.proto.runtime.v1.SubscribeTopicEventsResponseAlpha1
	84,  // 103: dapr.proto.runtime.v1.Dapr.InvokeBinding:output_type -> dapr.proto.runtime.v1.InvokeBindingResponse
	85,  // 104: dapr.proto.runtime.v1.Dapr.GetSecret:output_type -> dapr.proto.runtime.v1.GetSecretResponse
	86,  // 105: dapr.proto.runtime.v1.Dapr.GetBulkSecret:output_type -> dapr.proto.runtime.v1.GetBulkSecretResponse
	80,  // 106: dapr.proto.runtime.v1.Dapr.RegisterActorTimer:output_type -> google.protobuf.Empty
	80,  // 107: dapr.proto.runtime.v1.Dapr.UnregisterActorTimer:output_type -> google.protobuf.Empty
	80,  // 108: dapr.proto.runtime.v1.Dapr.RegisterActorReminder:output_type -> google.protobuf.Empty
	80,  // 109: dapr.proto.runtime.v1.Dapr.UnregisterActorReminder:output_type -> google.protobuf.Empty
	87,  // 110: dapr.proto.runtime.v1.Dapr.UnregisterActorRemindersByType:output_type -> dapr.proto.runtime.v1.UnregisterActorRemindersByTypeResponse
	88,  // 111: dapr.proto.runtime.v1.Dapr.ListActorReminders:output_type -> dapr.proto.runtime.v1.ListActorRemindersResponse
	89,  // 112: dapr.proto.runtime.v1.Dapr.ListActorTimers:output_type -> dapr.proto.runtime.v1.ListActorTimersResponse
	90,  // 113: dapr.proto.runtime.v1.Dapr.GetActorState:output_type -> dapr.proto.runtime.v1.GetActorStateResponse
	91,  // 114: dapr.proto.runtime.v1.Dapr.GetActorReminder:output_type -> dapr.proto.runtime.v1.GetActorReminderResponse
	92,  // 115: dapr.proto.runtime.v1.Dapr.GetActorTimer:output_type -> dapr.proto.runtime.v1.GetActorTimerResponse
	80,  // 116: dapr.proto.runtime.v1.Dapr.ExecuteActorStateTransaction:output_type -> google.protobuf.Empty
	93,  // 117: dapr.proto.runtime.v1.Dapr.InvokeActor:output_type -> dapr.proto.runtime.v1.InvokeActorResponse
	94,  // 118: dapr.proto.runtime.v1.Dapr.SubscribeActorEventsAlpha1:output_type -> dapr.proto.runtime.v1.SubscribeActorEventsResponseAlpha1
	95,  // 119: dapr.proto.runtime.v1.Dapr.GetConfigurationAlpha1:output_type -> dapr.proto.runtime.v1.GetConfigurationResponse
	95,  // 120: dapr.proto.runtime.v1.Dapr.GetConfiguration:output_type -> dapr.proto.runtime.v1.GetConfigurationResponse
	96,  // 121: dapr.proto.runtime.v1.Dapr.SubscribeConfigurationAlpha1:output_type -> dapr.proto.runtime.v1.SubscribeConfigurationResponse
	96,  // 122: dapr.proto.runtime.v1.Dapr.SubscribeConfiguration:output_type -> dapr.proto.runtime.v1.SubscribeConfigurationResponse
	97,  // 123: dapr.proto.runtime.v1.Dapr.UnsubscribeConfigurationAlpha1:output_type -> dapr.proto.runtime.v1.UnsubscribeConfigurationResponse
	97,  // 124: dapr.proto.runtime.v1.Dapr.UnsubscribeConfiguration:output_type -> dapr.proto.runtime.v1.UnsubscribeConfigurationResponse
	98,  // 125: dapr.proto.runtime.v1.Dapr.TryLockAlpha1:output_type -> dapr.proto.runtime.v1.TryLockResponse
	99,  // 126: dapr.proto.runtime.v1.Dapr.UnlockAlpha1:output_type -> dapr.proto.runtime.v1.UnlockResponse
	100, // 127: dapr.proto.runtime.v1.Dapr.EncryptAlpha1:output_type -> dapr.proto.runtime.v1.EncryptResponse
	101, // 128: dapr.proto.runtime.v1.Dapr.DecryptAlpha1:output_type -> dapr.proto.runtime.v1.DecryptResponse
	102, // 129: dapr.proto.runtime.v1.Dapr.GetMetadata:output_type -> dapr.proto.runtime.v1.GetMetadataResponse
	80,  // 130: dapr.proto.runtime.v1.Dapr.SetMetadata:output_type -> google.protobuf.Empty
	103, // 131: dapr.proto.runtime.v1.Dapr.SubtleGetKeyAlpha1:output_type -> dapr.proto.runtime.v1.SubtleGetKeyResponse
	104, // 132: dapr.proto.runtime.v1.Dapr.SubtleEncryptAlpha1:output_type -> dapr.proto.runtime.v1.SubtleEncryptResponse
	105, // 133: dapr.proto.runtime.v1.Dapr.SubtleDecryptAlpha1:output_type -> dapr.proto.runtime.v1.SubtleDecryptResponse
	106, // 134: dapr.proto.runtime.v1.Dapr.SubtleWrapKeyAlpha1:output_type -> dapr.proto.runtime.v1.SubtleWrapKeyResponse
	107, // 135: dapr.proto.runtime.v1.Dapr.SubtleUnwrapKeyAlpha1:output_type -> dapr.proto.runtime.v1.SubtleUnwrapKeyResponse
	108, // 136: dapr.proto.runtime.v1.Dapr.SubtleSignAlpha1:output_type -> dapr.proto.runtime.v1.SubtleSignResponse
	109, // 137: dapr.proto.runtime.v1.Dapr.SubtleVerifyAlpha1:output_type -> dapr.proto.runtime.v1.SubtleVerifyResponse
	110, // 138: dapr.proto.runtime.v1.Dapr.StartWorkflowAlpha1:output_type -> dapr.proto.runtime.v1.StartWorkflowResponse
	111, // 139: dapr.proto.runtime.v1.Dapr.GetWorkflowAlpha1:output_type -> dapr.proto.runtime.v1.GetWorkflowResponse
	80,  // 140: dapr.proto.runtime.v1.Dapr.PurgeWorkflowAlpha1:output_type -> google.protobuf.Empty
	80,  // 141: dapr.proto.runtime.v1.Dapr.TerminateWorkflowAlpha1:output_type -> google.protobuf.Empty
	80,  // 142: dapr.proto.runtime.v1.Dapr.PauseWorkflowAlpha1:output_type -> google.protobuf.Empty
	80,  // 143: dapr.proto.runtime.v1.Dapr.ResumeWorkflowAlpha1:output_type -> google.protobuf.Empty
	80,  // 144: dapr.proto.runtime.v1.Dapr.RaiseEventWorkflowAlpha1:output_type -> google.protobuf.Empty
	110, // 145: dapr.proto.runtime.v1.Dapr.StartWorkflowBeta1:output_type -> dapr.proto.runtime.v1.StartWorkflowResponse
	111, // 146: dapr.proto.runtime.v1.Dapr.GetWorkflowBeta1:output_type -> dapr.proto.runtime.v1.GetWorkflowResponse
	80,  // 147: dapr.proto.runtime.v1.Dapr.PurgeWorkflowBeta1:output_type -> google.protobuf.Empty
	80,  // 148: dapr.proto.runtime.v1.Dapr.TerminateWorkflowBeta1:output_type -> google.protobuf.Empty
	80,  // 149: dapr.proto.runtime.v1.Dapr.PauseWorkflowBeta1:output_type -> google.protobuf.Empty
	80,  // 150: dapr.proto.runtime.v1.Dapr.ResumeWorkflowBeta1:output_type -> google.protobuf.Empty
	80,  // 151: dapr.proto.runtime.v1.Dapr.RaiseEventWorkflowBeta1:output_type -> google.protobuf.Empty
	80,  // 152: dapr.proto.runtime.v1.Dapr.Shutdown:output_type -> google.protobuf.Empty
	112, // 153: dapr.proto.runtime.v1.Dapr.ScheduleJobAlpha1:output_type -> dapr.proto.runtime.v1.ScheduleJobResponse
	112, // 154: dapr.proto.runtime.v1.Dapr.ScheduleJob:output_type -> dapr.proto.runtime.v1.ScheduleJobResponse
	113, // 155: dapr.proto.runtime.v1.Dapr.GetJobAlpha1:output_type -> dapr.proto.runtime.v1.GetJobResponse
	113, // 156: dapr.proto.runtime.v1.Dapr.GetJob:output_type -> dapr.proto.runtime.v1.GetJobResponse
	114, // 157: dapr.proto.runtime.v1.Dapr.DeleteJobAlpha1:output_type -> dapr.proto.runtime.v1.DeleteJobResponse
	114, // 158: dapr.proto.runtime.v1.Dapr.DeleteJob:output_type -> dapr.proto.runtime.v1.DeleteJobResponse
	115, // 159: dapr.proto.runtime.v1.Dapr.DeleteJobsByPrefixAlpha1:output_type -> dapr.proto.runtime.v1.DeleteJobsByPrefixResponseAlpha1
	116, // 160: dapr.proto.runtime.v1.Dapr.DeleteJobsByPrefix:output_type -> dapr.proto.runtime.v1.DeleteJobsByPrefixResponse
	117, // 161: dapr.proto.runtime.v1.Dapr.ListJobsAlpha1:output_type -> dapr.proto.runtime.v1.ListJobsResponseAlpha1
	118, // 162: dapr.proto.runtime.v1.Dapr.ListJobs:output_type -> dapr.proto.runtime.v1.ListJobsResponse
	119, // 163: dapr.proto.runtime.v1.Dapr.ConverseAlpha1:output_type -> dapr.proto.runtime.v1.ConversationResponse
	120, // 164: dapr.proto.runtime.v1.Dapr.ConverseAlpha2:output_type -> dapr.proto.runtime.v1.ConversationResponseAlpha2
	80,  // 165: dapr.proto.runtime.v1.Dapr.CreateIndexAlpha1:output_type -> google.protobuf.Empty
	121, // 166: dapr.proto.runtime.v1.Dapr.GetIndexAlpha1:output_type -> dapr.proto.runtime.v1.GetIndexResponseAlpha1
	122, // 167: dapr.proto.runtime.v1.Dapr.ListIndexesAlpha1:output_type -> dapr.proto.runtime.v1.ListIndexesResponseAlpha1
	80,  // 168: dapr.proto.runtime.v1.Dapr.DeleteIndexAlpha1:output_type -> google.protobuf.Empty
	123, // 169: dapr.proto.runtime.v1.Dapr.IndexDocumentsAlpha1:output_type -> dapr.proto.runtime.v1.IndexDocumentsResponseAlpha1
	124, // 170: dapr.proto.runtime.v1.Dapr.GetDocumentsAlpha1:output_type -> dapr.proto.runtime.v1.GetDocumentsResponseAlpha1
	125, // 171: dapr.proto.runtime.v1.Dapr.DeleteDocumentsAlpha1:output_type -> dapr.proto.runtime.v1.DeleteDocumentsResponseAlpha1
	126, // 172: dapr.proto.runtime.v1.Dapr.SearchAlpha1:output_type -> dapr.proto.runtime.v1.SearchResponseAlpha1
	80,  // 173: dapr.proto.runtime.v1.Dapr.CreateCollectionAlpha1:output_type -> google.protobuf.Empty
	127, // 174: dapr.proto.runtime.v1.Dapr.GetCollectionAlpha1:output_type -> dapr.proto.runtime.v1.GetCollectionResponseAlpha1
	128, // 175: dapr.proto.runtime.v1.Dapr.ListCollectionsAlpha1:output_type -> dapr.proto.runtime.v1.ListCollectionsResponseAlpha1
	80,  // 176: dapr.proto.runtime.v1.Dapr.DeleteCollectionAlpha1:output_type -> google.protobuf.Empty
	129, // 177: dapr.proto.runtime.v1.Dapr.UpsertVectorsAlpha1:output_type -> dapr.proto.runtime.v1.UpsertVectorsResponseAlpha1
	130, // 178: dapr.proto.runtime.v1.Dapr.DeleteVectorsAlpha1:output_type -> dapr.proto.runtime.v1.DeleteVectorsResponseAlpha1
	131, // 179: dapr.proto.runtime.v1.Dapr.GetVectorsAlpha1:output_type -> dapr.proto.runtime.v1.GetVectorsResponseAlpha1
	132, // 180: dapr.proto.runtime.v1.Dapr.QueryVectorsAlpha1:output_type -> dapr.proto.runtime.v1.QueryVectorsResponseAlpha1
	133, // 181: dapr.proto.runtime.v1.Dapr.BatchQueryVectorsAlpha1:output_type -> dapr.proto.runtime.v1.BatchQueryVectorsResponseAlpha1
	91,  // [91:182] is the sub-list for method output_type
	0,   // [0:91] is the sub-list for method input_type
	0,   // [0:0] is the sub-list for extension type_name
	0,   // [0:0] is the sub-list for extension extendee
	0,   // [0:0] is the sub-list for field type_name
}

func init() { file_dapr_proto_runtime_v1_dapr_proto_init() }
func file_dapr_proto_runtime_v1_dapr_proto_init() {
	if File_dapr_proto_runtime_v1_dapr_proto != nil {
		return
	}
	file_dapr_proto_runtime_v1_actors_proto_init()
	file_dapr_proto_runtime_v1_pubsub_proto_init()
	file_dapr_proto_runtime_v1_invoke_proto_init()
	file_dapr_proto_runtime_v1_state_proto_init()
	file_dapr_proto_runtime_v1_binding_proto_init()
	file_dapr_proto_runtime_v1_secret_proto_init()
	file_dapr_proto_runtime_v1_metadata_proto_init()
	file_dapr_proto_runtime_v1_configuration_proto_init()
	file_dapr_proto_runtime_v1_lock_proto_init()
	file_dapr_proto_runtime_v1_crypto_proto_init()
	file_dapr_proto_runtime_v1_workflow_proto_init()
	file_dapr_proto_runtime_v1_jobs_proto_init()
	file_dapr_proto_runtime_v1_ai_proto_init()
	file_dapr_proto_runtime_v1_search_proto_init()
	file_dapr_proto_runtime_v1_vector_proto_init()
	if !protoimpl.UnsafeEnabled {
		file_dapr_proto_runtime_v1_dapr_proto_msgTypes[0].Exporter = func(v interface{}, i int) interface{} {
			switch v := v.(*ShutdownRequest); i {
			case 0:
				return &v.state
			case 1:
				return &v.sizeCache
			case 2:
				return &v.unknownFields
			default:
				return nil
			}
		}
	}
	type x struct{}
	out := protoimpl.TypeBuilder{
		File: protoimpl.DescBuilder{
			GoPackagePath: reflect.TypeOf(x{}).PkgPath(),
			RawDescriptor: file_dapr_proto_runtime_v1_dapr_proto_rawDesc,
			NumEnums:      0,
			NumMessages:   1,
			NumExtensions: 0,
			NumServices:   1,
		},
		GoTypes:           file_dapr_proto_runtime_v1_dapr_proto_goTypes,
		DependencyIndexes: file_dapr_proto_runtime_v1_dapr_proto_depIdxs,
		MessageInfos:      file_dapr_proto_runtime_v1_dapr_proto_msgTypes,
	}.Build()
	File_dapr_proto_runtime_v1_dapr_proto = out.File
	file_dapr_proto_runtime_v1_dapr_proto_rawDesc = nil
	file_dapr_proto_runtime_v1_dapr_proto_goTypes = nil
	file_dapr_proto_runtime_v1_dapr_proto_depIdxs = nil
}
